Sentence #,Word,Tag
0,for,O
0,although,O
0,the,O
0,chinese,O
0,took,O
0,impressions,O
0,from,O
0,wood,O
0,blocks,O
0,",",O
0,engraved,O
0,in,O
0,relief,O
0,for,O
0,centuries,O
0,before,O
0,the,O
0,woodcutters,O
0,of,O
0,the,O
0,netherlands,LOC
0,by,O
0,a,O
0,similar,O
0,process,O
0,.,O
1,but,O
1,the,O
1,first,O
1,bible,O
1,",",O
1,actually,O
1,dated,O
1,which,O
1,also,O
1,was,O
1,printed,O
1,at,O
1,maintz,O
1,by,LOC
1,peter,O
1,schoeffer,PER
1,in,PER
1,the,O
1,year,O
1,1462,O
1,.,O
2,especially,O
2,as,O
2,regards,O
2,the,O
2,lower,O
2,case,O
2,letters,O
2,and,O
2,type,O
2,very,O
2,similar,O
2,was,O
2,used,O
2,during,O
2,the,O
2,next,O
2,fifteen,O
2,",",O
2,or,O
2,twenty,O
2,years,O
2,",",O
2,not,O
2,only,O
2,by,O
2,schoeffer,O
2,.,O
3,but,O
3,by,O
3,printers,O
3,in,O
3,strasburg,LOC
3,",",O
3,basle,O
3,",",O
3,paris,LOC
3,",",O
3,lubeck,O
3,and,LOC
3,other,O
3,cities,LOC
3,.,O
4,but,O
4,though,O
4,on,O
4,the,O
4,whole,O
4,except,O
4,in,O
4,italy,O
4,",",O
4,gothic,LOC
4,letter,O
4,was,O
4,most,O
4,often,O
4,used,O
4,.,O
5,a,O
5,very,O
5,few,O
5,years,O
5,saw,O
5,the,O
5,birth,O
5,of,O
5,roman,O
5,character,O
5,not,O
5,only,O
5,in,O
5,italy,LOC
5,but,O
5,in,O
5,germany,O
5,and,LOC
5,france,O
5,.,O
6,in,O
6,1465,O
6,",",O
6,sweynheim,PER
6,and,O
6,pannartz,PER
6,began,O
6,printing,O
6,in,O
6,the,O
6,monastery,O
6,of,O
6,subiaco,LOC
6,near,O
6,rome,LOC
6,.,O
7,they,O
7,printed,O
7,very,O
7,few,O
7,books,O
7,in,O
7,this,O
7,type,O
7,",",O
7,three,O
7,only,O
7,but,O
7,in,O
7,their,O
7,very,O
7,first,O
7,books,O
7,in,O
7,r,O
7,.,O
7,o,LOC
7,.,O
7,m,O
7,.,O
7,e,O
7,.,O
7,.,O
7,beginning,O
7,with,O
7,the,O
7,year,O
7,1468,O
7,.,O
8,but,O
8,about,O
8,the,O
8,same,O
8,year,O
8,mentelin,PER
8,at,O
8,strasburg,LOC
8,began,O
8,to,O
8,print,O
8,in,O
8,a,O
8,type,O
8,which,O
8,is,O
8,distinctly,O
8,roman,O
8,.,O
9,and,O
9,the,O
9,next,O
9,year,O
9,",",O
9,gunther,PER
9,zeiner,PER
9,at,O
9,augsburg,LOC
9,followed,O
9,suit,O
9,.,O
10,while,O
10,in,O
10,1470,O
10,at,O
10,paris,LOC
10,udalric,PER
10,gering,PER
10,and,O
10,his,O
10,associates,O
10,turned,O
10,out,O
10,the,O
10,first,O
10,books,O
10,printed,O
10,in,O
10,france,LOC
10,",",O
10,also,O
10,in,O
10,roman,O
10,character,O
10,.,O
11,it,O
11,must,O
11,be,O
11,said,O
11,that,O
11,it,O
11,is,O
11,in,O
11,no,O
11,way,O
11,like,O
11,the,O
11,transition,O
11,type,O
11,of,O
11,subiaco,ORG
11,.,O
12,and,O
12,though,O
12,more,O
12,roman,O
12,than,O
12,that,O
12,yet,O
12,scarcely,O
12,more,O
12,like,O
12,the,O
12,comple,O
12,',O
12,te,O
12,roman,O
12,roman,O
12,type,O
12,of,O
12,the,O
12,earliest,O
12,printers,O
12,of,O
12,rome,LOC
12,',O
13,a,O
13,further,O
13,development,O
13,of,O
13,the,O
13,roman,O
13,letter,O
13,took,O
13,place,O
13,at,O
13,venice,LOC
13,.,O
14,john,PER
14,of,O
14,spires,O
14,and,O
14,his,O
14,brother,O
14,vindelin,PER
14,",",O
14,followed,O
14,by,O
14,nicholas,O
14,jenson,PER
14,",",O
14,began,PER
14,to,O
14,print,O
14,in,O
14,that,O
14,city,O
14,.,O
15,o,O
15,?,O
15,f,PER
15,jenson,O
15,",",O
15,it,O
15,must,O
15,be,O
15,said,O
15,that,O
15,he,O
15,carried,O
15,the,O
15,development,O
15,of,O
15,roman,O
15,type,O
15,as,O
15,far,O
15,as,O
15,it,O
15,can,O
15,go,O
15,.,O
16,after,O
16,his,O
16,death,O
16,in,O
16,the,O
16,fourteen,O
16,eighties,O
16,or,O
16,at,O
16,least,O
16,by,O
16,1490,O
16,",",O
16,printing,O
16,in,O
16,venice,O
16,had,O
16,declined,O
16,very,O
16,much,LOC
16,.,O
17,and,O
17,though,O
17,the,O
17,famous,O
17,family,O
17,of,O
17,aldus,PER
17,restored,O
17,its,O
17,technical,O
17,excellence,O
17,rejecting,O
17,battered,O
17,letters,O
17,.,O
18,yet,O
18,their,O
18,type,O
18,is,O
18,artistically,O
18,on,O
18,a,O
18,much,O
18,lower,O
18,level,O
18,than,O
18,jenson,PER
18,and,O
18,in,O
18,fact,O
18,.,O
19,they,O
19,must,O
19,be,O
19,considered,O
19,to,O
19,have,O
19,ended,O
19,the,O
19,age,O
19,of,O
19,fine,O
19,printing,O
19,in,O
19,italy,LOC
19,.,O
20,jenson,PER
20,",",O
20,however,O
20,",",O
20,had,O
20,many,O
20,contemporaries,O
20,who,O
20,used,O
20,beautiful,O
20,type,O
20,.,O
21,some,O
21,of,O
21,which,O
21,as,O
21,e,O
21,g,O
21,that,O
21,of,O
21,jacobus,O
21,rubeus,O
21,or,O
21,jacques,O
21,le,O
21,rouge,O
21,is,PER
21,scarcely,PER
21,distinguishable,O
21,from,PER
21,his,PER
21,.,O
22,it,O
22,was,O
22,these,O
22,great,O
22,venetian,O
22,printers,O
22,together,O
22,with,O
22,their,O
22,brethren,O
22,of,O
22,rome,O
22,",",O
22,milan,LOC
22,.,O
23,parma,LOC
23,and,O
23,one,O
23,or,O
23,two,O
23,other,O
23,cities,O
23,who,O
23,produced,O
23,the,O
23,splendid,O
23,editions,O
23,of,O
23,the,O
23,classics,O
23,",",O
23,which,O
23,are,O
23,one,O
23,of,O
23,the,O
23,great,O
23,glories,O
23,of,O
23,the,O
23,printer,O
23,art,O
23,.,O
24,even,O
24,in,O
24,italy,LOC
24,",",O
24,most,O
24,of,O
24,the,O
24,theological,O
24,and,O
24,law,O
24,books,O
24,were,O
24,printed,O
24,in,O
24,gothic,O
24,letter,O
24,.,O
25,m,O
25,.,O
25,any,O
25,of,O
25,whose,O
25,types,O
25,indeed,O
25,like,O
25,that,O
25,of,O
25,the,O
25,subiaco,O
25,works,ORG
25,are,O
25,of,O
25,a,O
25,transitional,O
25,character,O
25,.,O
26,this,O
26,was,O
26,notably,O
26,the,O
26,case,O
26,with,O
26,the,O
26,early,O
26,works,O
26,printed,O
26,at,O
26,',O
26,ulm,LOC
26,',O
26,and,O
26,!,O
26,in,O
26,a,O
26,somewhat,O
26,lesser,O
26,degree,O
26,a,O
26,.,O
26,t,O
26,.,O
26,?,O
26,a,LOC
26,.,O
26,u,O
26,.,O
27,in,O
27,fact,O
27,",",O
27,gunther,PER
27,zeiner,PER
27,",",O
27,first,O
27,type,O
27,afterwards,O
27,used,O
27,by,O
27,schussler,O
27,",",O
27,is,O
27,remarkably,O
27,like,PER
27,the,O
27,type,O
27,of,O
27,the,O
27,before,O
27,mentioned,O
27,subiaco,O
27,books,O
27,.,O
28,in,O
28,the,O
28,low,O
28,countries,O
28,and,O
28,cologne,LOC
28,which,O
28,were,O
28,very,O
28,fertile,O
28,of,O
28,printed,O
28,books,O
28,",",O
28,gothic,O
28,was,O
28,the,O
28,favorite,O
28,.,O
29,the,O
29,characteristic,O
29,dutch,O
29,type,O
29,as,O
29,represented,O
29,by,O
29,the,O
29,excellent,O
29,printer,O
29,gerard,O
29,leew,PER
29,is,PER
29,very,O
29,pronounced,O
29,and,O
29,uncompromising,O
29,gothic,O
29,.,O
30,this,O
30,type,O
30,was,O
30,introduced,O
30,into,O
30,england,LOC
30,by,O
30,wynkyn,PER
30,de,PER
30,worde,PER
30,caxton,O
30,successor,PER
30,.,O
31,most,O
31,of,O
31,caxton,PER
31,own,O
31,types,O
31,are,O
31,of,O
31,an,O
31,earlier,O
31,character,O
31,",",O
31,though,O
31,they,O
31,also,O
31,much,O
31,resemble,O
31,flemish,O
31,or,O
31,cologne,O
31,letter,O
31,.,O
32,after,O
32,the,O
32,end,O
32,of,O
32,the,O
32,fifteenth,O
32,century,O
32,",",O
32,the,O
32,degradation,O
32,of,O
32,printing,O
32,especially,O
32,in,O
32,germany,O
32,and,LOC
32,.,O
32,i,O
32,.,O
32,t,LOC
32,.,O
32,a,O
32,.,O
33,in,O
33,england,LOC
33,",",O
33,about,O
33,this,O
33,time,O
33,",",O
33,an,O
33,attempt,O
33,was,O
33,made,O
33,notably,O
33,by,O
33,caslon,O
33,",",O
33,who,O
33,started,PER
33,business,O
33,in,O
33,london,O
33,as,O
33,a,O
33,type,LOC
33,founder,O
33,in,O
33,1720,O
33,.,O
34,caslon,PER
34,type,O
34,is,O
34,clear,O
34,and,O
34,neat,O
34,and,O
34,fairly,O
34,well,O
34,designed,O
34,.,O
35,for,O
35,the,O
35,seventeenth,O
35,century,O
35,letters,O
35,are,O
35,at,O
35,least,O
35,pure,O
35,and,O
35,simple,O
35,in,O
35,line,O
35,",",O
35,the,O
35,italian,O
35,bodoni,O
35,and,O
35,the,O
35,frenchman,PER
35,didot,O
35,.,O
36,we,O
36,',O
36,re,O
36,the,O
36,leaders,O
36,in,O
36,this,O
36,luckless,O
36,change,O
36,",",O
36,though,O
36,",",O
36,our,O
36,own,O
36,baskerville,PER
36,",",O
36,who,O
36,was,O
36,at,O
36,work,O
36,some,O
36,years,O
36,before,O
36,them,O
36,went,O
36,much,O
36,on,O
36,the,O
36,same,O
36,lines,O
36,.,O
37,the,O
37,chiswick,ORG
37,press,O
37,in,O
37,1844,O
37,revived,O
37,caslon,PER
37,founts,O
37,printing,O
37,for,O
37,messrs,O
37,longman,O
37,",",O
37,the,O
37,diary,O
37,of,O
37,lady,PER
37,willoughby,O
37,.,O
38,this,O
38,experiment,O
38,was,O
38,so,O
38,far,O
38,successful,O
38,that,O
38,about,O
38,1850,O
38,messrs,O
38,miller,O
38,and,PER
38,richard,O
38,of,PER
38,edinburgh,O
38,.,O
39,have,O
39,now,O
39,come,O
39,into,O
39,general,O
39,use,O
39,and,O
39,are,O
39,obviously,O
39,a,O
39,great,O
39,improvement,O
39,on,O
39,the,O
39,ordinary,O
39,modern,O
39,style,O
39,in,O
39,use,O
39,in,O
39,england,O
39,",",O
39,which,O
39,is,LOC
39,in,O
39,fact,O
39,the,O
39,bodoni,O
39,type,O
39,.,O
40,it,O
40,is,O
40,discouraging,O
40,to,O
40,note,O
40,that,O
40,the,O
40,improvement,O
40,of,O
40,the,O
40,last,O
40,fifty,O
40,years,O
40,is,O
40,almost,O
40,wholly,O
40,confined,O
40,to,O
40,great,LOC
40,britain,LOC
40,.,O
41,here,O
41,and,O
41,there,O
41,a,O
41,book,O
41,is,O
41,printed,O
41,in,O
41,france,LOC
41,or,O
41,germany,LOC
41,with,O
41,some,O
41,pretension,O
41,to,O
41,good,O
41,taste,O
41,.,O
42,italy,LOC
42,is,O
42,contentedly,O
42,stagnant,O
42,.,O
43,america,LOC
43,has,O
43,produced,O
43,a,O
43,good,O
43,many,O
43,showy,O
43,books,O
43,the,O
43,typography,O
43,paper,O
43,and,O
43,illustrations,O
43,of,O
43,which,O
43,are,O
43,however,O
43,all,O
43,wrong,O
43,.,O
44,even,O
44,the,O
44,caslon,O
44,type,O
44,when,O
44,enlarged,O
44,shows,O
44,great,O
44,shortcomings,O
44,in,O
44,this,O
44,respect,O
44,.,O
45,instead,O
45,of,O
45,ending,O
45,in,O
45,the,O
45,sharp,O
45,and,O
45,clear,O
45,stroke,O
45,of,O
45,jenson,PER
45,letters,O
45,.,O
46,this,O
46,is,O
46,awkward,O
46,if,O
46,you,O
46,have,O
46,to,O
46,read,O
46,bradshaw,PER
46,guide,O
46,in,O
46,a,O
46,hurry,O
46,.,O
47,most,O
47,of,O
47,jenson,PER
47,letters,O
47,are,O
47,designed,O
47,within,O
47,a,O
47,square,O
47,.,O
48,by,O
48,that,O
48,made,O
48,in,O
48,america,LOC
48,",",O
48,which,O
48,is,O
48,the,O
48,worst,O
48,conceivable,O
48,.,O
49,the,O
49,position,O
49,of,O
49,our,O
49,society,ORG
49,that,O
49,a,O
49,work,O
49,of,O
49,utility,O
49,might,O
49,be,O
49,also,O
49,a,O
49,work,O
49,of,O
49,art,O
49,if,O
49,we,O
49,cared,O
49,to,O
49,make,O
49,it,O
49,so,O
49,.,O
50,the,O
50,chronicles,ORG
50,of,ORG
50,newgate,ORG
50,volume,O
50,2,O
50,by,O
50,arthur,O
50,griffith,O
50,',O
50,s,PER
50,section,PER
50,4,O
50,newgate,O
50,newgate,O
50,",",O
50,down,O
50,to,LOC
50,1818,LOC
50,.,O
51,with,O
51,criminals,O
51,and,O
51,misdemeanants,O
51,of,O
51,all,O
51,shades,O
51,crowding,O
51,perpetually,O
51,into,O
51,its,O
51,narrow,O
51,limits,O
51,",",O
51,the,O
51,latter,O
51,state,O
51,of,O
51,newgate,O
51,was,LOC
51,worse,O
51,than,O
51,the,O
51,first,O
51,.,O
52,neild,PER
52,gives,O
52,some,O
52,figures,O
52,which,O
52,we,O
52,',O
52,ll,O
52,illustrate,O
52,this,O
52,.,O
53,the,O
53,numbers,O
53,soon,O
53,increased,O
53,",",O
53,however,O
53,",",O
53,and,O
53,by,O
53,1811,O
53,had,O
53,again,O
53,risen,O
53,to,O
53,629,O
53,and,O
53,mr,O
53,neild,O
53,was,O
53,told,O
53,that,PER
53,there,O
53,had,O
53,been,O
53,at,O
53,one,O
53,time,O
53,.,O
54,300,O
54,debtors,O
54,and,O
54,900,O
54,criminals,O
54,in,O
54,newgate,LOC
54,or,O
54,twelve,O
54,hundred,O
54,prisoners,O
54,in,O
54,all,O
54,.,O
55,',O
55,previous,O
55,to,O
55,that,O
55,date,O
55,there,O
55,had,O
55,been,O
55,700,O
55,or,O
55,800,O
55,frequently,O
55,and,O
55,once,O
55,in,O
55,mr,O
55,akerman,O
55,time,O
55,one,O
55,thousand,PER
55,.,O
56,the,O
56,inadequacy,O
56,of,O
56,the,O
56,jail,O
56,was,O
56,noticed,O
56,and,O
56,reported,O
56,upon,O
56,again,O
56,and,O
56,again,O
56,by,O
56,the,O
56,grand,O
56,juries,O
56,of,O
56,the,O
56,city,LOC
56,of,LOC
56,london,LOC
56,.,O
57,w,O
57,.,O
57,h,O
57,.,O
57,o,O
57,.,O
57,seldom,O
57,",",O
57,let,O
57,a,O
57,session,O
57,go,O
57,by,O
57,without,LOC
57,visiting,O
58,the,O
58,grand,O
58,jury,O
58,made,O
58,a,O
58,special,O
58,presentment,O
58,to,O
58,the,O
58,court,ORG
58,of,ORG
58,common,ORG
58,council,ORG
58,",",O
58,pointing,O
58,out,O
58,that,O
58,on,O
58,the,O
58,debtorside,O
58,which,O
58,was,O
58,intended,O
58,for,O
58,only,O
58,100,O
58,.,O
59,returns,O
59,laid,O
59,before,O
59,the,O
59,house,ORG
59,of,ORG
59,commons,ORG
59,showed,O
59,that,O
59,6,O
59,",",O
59,439,O
59,persons,O
59,had,O
59,been,O
59,committed,O
59,to,LOC
60,and,O
60,this,O
60,number,O
60,did,O
60,not,O
60,include,O
60,the,O
60,debtors,O
60,",",O
60,a,O
60,numerous,O
60,class,O
60,who,O
60,were,O
60,still,O
60,committed,O
60,to,O
60,newgate,O
60,pending,O
60,the,LOC
60,completion,O
60,of,O
60,the,O
60,white,O
60,cross,O
60,street,LOC
60,prison,LOC
60,.,O
61,in,O
61,order,O
61,to,O
61,realize,O
61,the,O
61,evils,O
61,entailed,O
61,by,O
61,incarceration,O
61,in,O
61,newgate,LOC
61,in,O
61,these,O
61,days,O
61,",",O
61,it,O
61,is,O
61,necessary,O
61,to,O
61,give,O
61,some,O
61,account,O
61,of,O
61,its,O
61,interior,O
61,.,O
62,full,O
62,details,O
62,of,O
62,the,O
62,arrangements,O
62,are,O
62,to,O
62,be,O
62,found,O
62,in,O
62,mr,O
62,neild,O
62,",",O
62,state,PER
62,of,O
62,prisons,O
62,",",O
62,in,O
62,england,ORG
62,",",O
62,scotland,ORG
62,and,ORG
62,wales,O
62,published,LOC
62,in,O
62,1812,LOC
62,.,O
63,neild,PER
63,takes,O
63,it,O
63,for,O
63,granted,O
63,that,O
63,the,O
63,former,O
63,",",O
63,rather,O
63,than,O
63,the,O
63,latter,O
63,",",O
63,prevailed,O
63,in,O
63,the,O
63,selection,O
63,.,O
64,the,O
64,long,O
64,narrow,O
64,yard,O
64,still,O
64,remained,O
64,as,O
64,we,O
64,saw,O
64,it,O
64,in,O
64,jacobite,O
64,times,O
64,.,O
65,quote,O
65,on,O
65,the,O
65,top,O
65,of,O
65,the,O
65,jail,O
65,",",O
65,continues,O
65,neild,O
65,are,O
65,a,PER
65,watch,O
65,house,O
65,and,O
65,a,O
65,sentry,O
65,box,O
65,where,O
65,two,O
65,or,O
65,more,O
65,guards,O
65,with,O
65,dogs,O
65,and,O
65,firearms,O
65,.,O
66,neild,PER
66,gives,O
66,on,O
66,the,O
66,authority,O
66,of,O
66,mr,O
66,.,O
66,burchell,O
66,",",O
66,the,O
66,under,PER
66,sheriff,O
66,of,O
66,middlesex,O
66,.,O
67,a,O
67,.,O
67,?,O
67,t,O
67,.,O
67,a,O
67,.,O
67,b,O
67,.,O
67,l,O
67,.,O
67,e,O
67,.,O
67,showing,O
67,the,O
67,figures,O
67,for,O
67,the,O
67,year,O
68,fifteen,O
68,thousand,O
68,of,O
68,these,O
68,were,O
68,issued,O
68,in,O
68,middlesex,LOC
68,alone,O
68,",",O
68,which,O
68,at,O
68,that,O
68,time,O
68,was,O
68,reckoned,O
68,as,O
68,only,O
68,a,O
68,fifteenth,O
68,of,O
68,great,O
68,britain,LOC
68,.,O
69,the,O
69,number,O
69,of,O
69,arrests,O
69,actually,O
69,made,O
69,was,O
69,114,O
69,300,O
69,for,O
69,the,O
69,kingdom,O
69,and,O
69,7020,O
69,for,O
69,middlesex,O
69,.,O
70,neild,PER
70,also,O
70,says,O
70,that,O
70,in,O
70,1793,O
70,.,O
71,5719,O
71,writs,O
71,and,O
71,executions,O
71,for,O
71,debts,O
71,between,O
71,10,O
71,and,O
71,20,O
71,were,O
71,issued,O
71,in,O
71,middlesex,O
71,.,O
72,alfred,PER
72,",",O
72,the,PER
72,great,PER
72,established,O
72,the,O
72,court,ORG
72,baron,ORG
72,the,O
72,hundred,O
72,court,ORG
72,and,ORG
72,the,O
72,county,O
72,court,O
72,",",O
72,which,ORG
72,",",O
72,among,ORG
72,other,O
72,matters,O
72,",",O
72,entertained,O
72,pleas,O
72,for,O
72,debt,O
72,.,O
73,the,O
73,county,ORG
73,court,ORG
73,was,O
73,the,O
73,sheriff,O
73,who,O
73,sat,O
73,there,O
73,surrounded,O
73,by,O
73,the,O
73,bishop,O
73,and,O
73,the,O
73,magnates,O
73,of,O
73,the,O
73,county,O
73,.,O
74,but,O
74,as,O
74,time,O
74,passed,O
74,difficulties,O
74,and,O
74,delays,O
74,in,O
74,obtaining,O
74,judgment,O
74,led,O
74,to,O
74,the,O
74,removal,O
74,of,O
74,causes,O
74,to,O
74,the,O
74,great,O
74,court,O
74,of,ORG
74,king,ORG
74,bench,ORG
74,.,O
75,so,O
75,much,O
75,inconvenience,O
75,ensued,O
75,that,O
75,in,O
75,1518,O
75,the,O
75,corporation,O
75,obtained,ORG
75,from,O
75,parliament,O
75,",",O
75,an,ORG
75,act,O
75,empowering,O
75,two,O
75,aldermen,O
75,.,O
76,and,O
76,four,O
76,common,O
76,councilmen,O
76,to,O
76,hold,O
76,courts,ORG
76,of,ORG
76,requests,ORG
76,or,O
76,courts,O
76,of,ORG
76,conscience,ORG
76,to,ORG
76,hear,O
76,and,O
76,determine,O
76,all,O
76,causes,O
76,of,O
76,debt,O
76,.,O
77,these,O
77,courts,O
77,were,O
77,extended,O
77,two,O
77,centuries,O
77,later,O
77,to,O
77,several,O
77,large,O
77,provincial,O
77,towns,O
77,and,O
77,all,O
77,were,O
77,in,O
77,full,O
77,activity,O
77,when,O
77,neild,O
77,wrote,PER
77,.,O
78,the,O
78,activity,O
78,",",O
78,as,O
78,well,O
78,as,O
78,the,O
78,futility,O
78,of,O
78,these,O
78,courts,O
78,",",O
78,may,O
78,be,O
78,estimated,O
78,from,O
78,the,O
78,statement,O
78,given,O
78,by,O
78,neild,PER
78,.,O
79,that,O
79,thirteen,O
79,hundred,O
79,and,O
79,twelve,O
79,debtors,O
79,were,O
79,committed,O
79,by,O
79,them,O
79,to,O
79,newgate,LOC
79,between,O
79,1797,O
79,and,O
79,1808,O
79,.,O
80,neild,PER
80,found,O
80,at,O
80,his,O
80,visit,O
80,to,O
80,newgate,LOC
80,in,O
80,1810,O
80,.,O
81,thus,O
81,",",O
81,amongst,O
81,others,O
81,",",O
81,thomas,O
81,blackburn,O
81,had,PER
81,been,PER
81,committed,O
81,on,O
81,october,O
81,15th,O
81,for,O
81,a,O
81,debt,O
81,of,O
81,1,O
81,shilling,O
81,5,O
81,pence,O
81,.,O
82,thomas,PER
82,dobson,PER
82,",",O
82,on,O
82,22nd,O
82,august,O
82,1799,O
82,for,O
82,1,O
82,shilling,O
82,with,O
82,costs,O
82,of,O
82,8,O
82,.,O
82,shillings,O
82,10,O
82,pence,O
82,.,O
83,and,O
83,susannah,PER
83,evans,PER
83,in,O
83,october,O
83,",",O
83,the,O
83,same,O
83,year,O
83,for,O
83,2,O
83,shillings,O
83,with,O
83,costs,O
83,of,O
83,6,O
83,shillings,O
83,8,O
83,pence,O
83,.,O
84,other,O
84,cases,O
84,are,O
84,recorded,O
84,elsewhere,O
84,as,O
84,at,O
84,the,O
84,giltspur,O
84,street,ORG
84,compter,ORG
84,where,ORG
84,in,O
84,1805,O
84,",",O
84,mr,O
84,neild,O
84,found,O
84,a,O
84,man,PER
84,named,O
84,william,O
84,grant,O
84,.,O
85,and,O
85,john,PER
85,lancaster,PER
85,",",O
85,for,O
85,1,O
85,shilling,O
85,8,O
85,pence,O
85,with,O
85,costs,O
85,of,O
85,7,O
85,shillings,O
85,6,O
85,pence,O
85,quote,O
85,?,O
86,these,O
86,",",O
86,surely,O
86,",",O
86,i,O
86,thought,O
86,",",O
86,says,O
86,mr,O
86,.,O
86,neild,O
86,",",O
86,were,O
86,bad,O
86,enough,O
86,",",O
86,but,PER
86,it,O
86,was,O
86,not,O
86,so,O
86,end,O
86,quote,O
86,.,O
87,he,O
87,recites,O
87,another,O
87,most,O
87,outrageous,O
87,and,O
87,extraordinary,O
87,case,O
87,in,O
87,which,O
87,one,O
87,john,O
87,bird,PER
87,.,O
88,bird,PER
88,was,O
88,however,O
88,discharged,O
88,within,O
88,three,O
88,days,O
88,by,O
88,a,O
88,subscription,O
88,raised,O
88,among,O
88,his,O
88,fellow,O
88,prisoners,O
88,.,O
89,mr,O
89,.,O
89,buxton,O
89,",",O
89,in,PER
89,his,O
89,inquiry,O
89,into,O
89,the,O
89,system,O
89,of,O
89,prison,O
89,discipline,ORG
89,.,O
90,the,O
90,lad,O
90,in,O
90,question,O
90,was,O
90,found,O
90,in,O
90,coldbath,LOC
90,fields,LOC
90,prison,O
90,to,O
90,which,O
90,he,O
90,had,O
90,been,O
90,sent,O
90,for,O
90,a,O
90,month,O
90,in,O
90,default,O
90,of,O
90,paying,O
90,a,O
90,fine,O
90,of,O
90,forty,O
90,shillings,O
90,.,O
91,he,O
91,had,O
91,been,O
91,in,O
91,the,O
91,employ,O
91,of,O
91,a,O
91,corn,O
91,chandler,O
91,at,PER
91,islington,O
91,and,LOC
91,went,O
91,into,O
91,london,O
91,with,O
91,his,LOC
91,master,O
91,cart,O
91,and,O
91,horse,O
91,.,O
92,there,O
92,was,O
92,in,O
92,the,O
92,city,LOC
92,road,LOC
92,a,O
92,temporary,O
92,bar,O
92,with,O
92,a,O
92,collector,O
92,of,O
92,tolls,O
92,who,O
92,was,O
92,sometimes,O
92,on,O
92,the,O
92,spot,O
92,and,O
92,sometimes,O
92,not,O
92,.,O
93,mr,O
93,.,O
93,buxton,O
93,",",O
93,friends,PER
93,at,O
93,once,O
93,",",O
93,paid,O
93,the,O
93,forty,O
93,shillings,O
93,and,O
93,the,O
93,boy,O
93,was,O
93,released,O
93,.,O
94,neild,PER
94,gives,O
94,a,O
94,list,O
94,of,O
94,the,O
94,various,O
94,items,O
94,charged,O
94,upon,O
94,a,O
94,debt,O
94,of,O
94,10,O
94,",",O
94,which,O
94,included,O
94,instructions,O
94,to,O
94,s,O
94,.,O
94,u,O
94,.,O
94,e,O
94,.,O
95,before,O
95,dealing,O
95,with,O
95,the,O
95,debtors,O
95,in,O
95,newgate,LOC
95,",",O
95,i,O
95,may,O
95,refer,O
95,",",O
95,incidentally,O
95,.,O
96,to,O
96,those,O
96,in,O
96,other,O
96,london,LOC
96,prisons,O
96,for,O
96,newgate,O
96,",",O
96,was,LOC
96,not,O
96,the,O
96,only,O
96,place,O
96,of,O
96,durance,O
96,for,O
96,these,O
96,.,O
96,unfortunate,O
96,people,O
96,there,O
96,were,O
96,also,O
96,the,O
96,king,O
96,bench,O
96,.,O
97,the,O
97,fleet,ORG
97,and,O
97,the,O
97,marshalsea,O
97,prisons,ORG
97,especially,O
97,devoted,O
97,to,O
97,them,O
97,.,O
98,whilst,O
98,ludgate,ORG
98,",",O
98,the,O
98,giltspur,O
98,street,ORG
98,and,ORG
98,borough,O
98,compters,O
98,also,ORG
98,received,ORG
98,them,O
98,.,O
99,the,O
99,king,ORG
99,bench,ORG
99,was,ORG
99,a,ORG
99,national,O
99,prison,O
99,in,O
99,which,O
99,were,O
99,confined,O
99,all,O
99,debtors,O
99,arrested,O
99,for,O
99,debt,O
99,or,O
99,for,O
99,contempt,O
99,of,O
99,the,O
99,court,O
99,of,O
99,the,O
99,king,O
99,bench,O
99,.,O
100,the,O
100,best,O
100,or,O
100,at,O
100,least,O
100,the,O
100,most,O
100,influential,O
100,prisoners,O
100,got,O
100,lodging,O
100,in,O
100,the,O
100,state,O
100,house,O
100,",",O
100,which,LOC
100,contained,LOC
100,eight,O
100,large,O
100,handsome,O
100,rooms,O
100,.,O
101,the,O
101,keeper,O
101,of,O
101,the,O
101,large,O
101,tap,O
101,room,O
101,called,O
101,the,O
101,brace,O
101,because,O
101,it,O
101,was,O
101,once,O
101,kept,O
101,by,O
101,two,O
101,brothers,O
101,named,O
101,partridge,O
101,also,O
101,paid,PER
101,him,O
101,toll,O
101,.,O
102,the,O
102,sale,O
102,of,O
102,spirits,O
102,was,O
102,forbidden,O
102,",",O
102,but,O
102,gin,O
102,could,O
102,always,O
102,be,O
102,had,O
102,at,O
102,the,O
102,whistling,O
102,shops,O
102,where,O
102,it,O
102,was,O
102,known,O
102,as,O
102,moonshine,O
102,sky,O
102,blue,ORG
102,.,O
103,mexico,LOC
103,and,O
103,was,O
103,consumed,O
103,at,O
103,the,O
103,rate,O
103,of,O
103,a,O
103,hogshead,O
103,per,O
103,week,O
103,.,O
104,the,O
104,fleet,ORG
104,",",O
104,which,O
104,stood,O
104,in,O
104,farringdon,O
104,street,LOC
104,.,O
105,was,O
105,a,O
105,prison,O
105,for,O
105,debtors,O
105,and,O
105,persons,O
105,committed,O
105,for,O
105,contempt,O
105,by,O
105,the,O
105,courts,O
105,of,O
105,chancery,ORG
105,exchequer,O
105,and,ORG
105,common,O
105,pleas,O
105,.,O
106,it,O
106,was,O
106,so,O
106,used,O
106,for,O
106,the,O
106,date,O
106,of,O
106,the,O
106,abolition,O
106,of,O
106,the,O
106,star,ORG
106,chamber,ORG
106,in,O
106,the,O
106,16th,O
106,charles,PER
106,i,PER
106,.,O
107,the,O
107,shameful,O
107,malpractices,O
107,of,O
107,bambridge,PER
107,.,O
108,the,O
108,warden,O
108,of,O
108,the,O
108,fleet,ORG
108,at,O
108,the,O
108,commencement,O
108,of,O
108,the,O
108,eighteenth,O
108,century,O
108,are,O
108,t,O
108,.,O
108,o,O
108,.,O
108,o,O
108,.,O
108,?,O
108,w,O
108,.,O
108,e,O
108,.,O
108,l,O
108,.,O
108,l,O
108,.,O
108,?,O
108,known,O
108,to,O
108,need,O
108,more,O
108,than,O
109,a,O
109,committee,O
109,of,O
109,the,O
109,house,ORG
109,of,ORG
109,commons,ORG
109,investigated,O
109,the,O
109,charges,O
109,against,O
109,bambridge,PER
109,",",O
109,who,O
109,was,O
109,proved,O
109,to,O
109,have,O
109,connived,O
109,at,O
109,the,O
109,escape,O
109,of,O
109,some,O
109,debtors,O
109,.,O
110,and,O
110,to,O
110,have,O
110,been,O
110,guilty,O
110,of,O
110,extortion,O
110,to,O
110,others,O
110,",",O
110,one,O
110,sir,O
110,william,O
110,rich,PER
110,bart,PER
110,",",O
110,he,O
110,had,PER
110,loaded,O
110,with,O
110,heavy,O
110,irons,O
110,.,O
111,in,O
111,consequence,O
111,of,O
111,these,O
111,disclosures,O
111,",",O
111,both,O
111,bambridge,O
111,and,PER
111,huggin,O
111,",",O
111,his,PER
111,predecessor,O
111,in,O
111,t,O
111,.,O
111,h,O
111,.,O
111,e,O
111,.,O
111,?,O
111,o,O
111,.,O
111,ffice,O
111,",",O
111,were,O
111,committed,O
111,to,O
111,newgate,LOC
111,.,O
112,the,O
112,committee,ORG
112,on,ORG
112,jails,ORG
112,reported,O
112,that,O
112,quote,O
112,although,O
112,the,O
112,house,O
112,of,O
112,the,O
112,warden,O
112,looked,O
112,into,O
112,the,O
112,court,O
112,.,O
113,matters,O
113,",",O
113,we,O
113,',O
113,re,O
113,rather,O
113,better,O
113,at,O
113,the,LOC
113,marshalsea,O
113,.,O
114,this,O
114,very,O
114,ancient,O
114,prison,O
114,",",O
114,which,O
114,stood,O
114,in,O
114,the,O
114,high,O
114,street,LOC
114,southwark,LOC
114,.,O
115,was,O
115,used,O
115,for,O
115,debtors,O
115,arrested,O
115,for,O
115,the,O
115,lowest,O
115,sums,O
115,within,O
115,twelve,O
115,miles,O
115,of,O
115,the,O
115,palace,O
115,of,O
115,whitehall,LOC
115,.,O
116,also,O
116,for,O
116,prisoners,O
116,committed,O
116,by,O
116,the,O
116,admiralty,ORG
116,court,ORG
116,.,O
117,at,O
117,one,O
117,time,O
117,",",O
117,the,O
117,marshalsea,LOC
117,was,O
117,the,O
117,receptacle,O
117,of,O
117,pirates,O
117,",",O
117,but,O
117,none,O
117,were,O
117,committed,O
117,to,O
117,it,O
117,.,O
117,?,O
117,a,O
117,.,O
117,f,O
117,.,O
117,t,O
117,.,O
117,e,O
117,.,O
118,the,O
118,court,O
118,of,O
118,the,O
118,marshalsea,LOC
118,was,O
118,instituted,O
118,by,O
118,charles,PER
118,i,PER
118,in,O
118,the,O
118,sixth,O
118,year,O
118,of,O
118,his,O
118,reign,O
118,.,O
119,but,O
119,its,O
119,business,O
119,was,O
119,much,O
119,reduced,O
119,by,O
119,the,O
119,extension,O
119,of,O
119,the,O
119,courts,ORG
119,of,ORG
119,conscience,ORG
119,.,O
120,the,O
120,prison,O
120,was,O
120,a,O
120,nest,O
120,of,O
120,abuses,O
120,like,O
120,its,O
120,neighbor,O
120,the,O
120,king,O
120,bench,ORG
120,.,O
121,and,O
121,came,O
121,under,O
121,the,O
121,strong,O
121,animadversion,O
121,of,O
121,the,O
121,jail,ORG
121,committee,ORG
121,of,O
121,1729,O
121,.,O
122,as,O
122,the,O
122,business,O
122,of,O
122,the,O
122,marshalsea,ORG
122,court,ORG
122,declined,O
122,the,O
122,numbers,O
122,in,O
122,its,O
122,prison,O
122,diminished,O
122,.,O
123,bad,O
123,language,O
123,quarreling,O
123,throwing,O
123,water,O
123,over,O
123,one,O
123,another,O
123,was,O
123,forbidden,O
123,on,O
123,pain,O
123,of,O
123,fine,O
123,and,O
123,being,O
123,sent,O
123,to,O
123,coventry,O
123,.,O
124,owing,O
124,to,O
124,many,O
124,charitable,O
124,gifts,O
124,and,O
124,bequests,O
124,which,O
124,included,O
124,annual,O
124,donations,O
124,from,O
124,the,O
124,archbishop,O
124,of,O
124,canterbury,O
124,.,O
125,the,O
125,lord,PER
125,steward,PER
125,of,O
125,the,O
125,household,O
125,the,O
125,steward,O
125,and,PER
125,officers,O
125,of,O
125,the,O
125,marshalsea,O
125,court,ORG
125,and,ORG
125,others,O
125,.,O
126,left,O
126,by,O
126,a,O
126,mr,O
126,henry,O
126,allnutt,PER
126,who,PER
126,was,O
126,long,O
126,a,O
126,prisoner,O
126,in,O
126,the,O
126,marshalsea,O
126,and,O
126,came,LOC
126,into,O
126,a,O
126,fortune,O
126,while,O
126,there,O
126,.,O
127,h,O
127,.,O
127,i,O
127,.,O
127,s,O
127,.,O
127,bequest,O
127,",",O
127,which,O
127,was,O
127,charged,O
127,upon,O
127,his,O
127,manor,O
127,at,LOC
127,goring,O
127,oxon,LOC
127,and,O
127,hence,O
127,",",O
127,called,O
127,the,O
127,oxford,O
127,charity,ORG
127,.,O
128,the,O
128,supreme,O
128,control,O
128,of,O
128,the,O
128,marshalsea,LOC
128,was,O
128,vested,O
128,in,O
128,the,O
128,marshal,O
128,of,O
128,the,O
128,royal,O
128,household,O
128,",",O
128,but,O
128,although,O
128,he,O
128,drew,O
128,a,O
128,salary,O
128,of,O
128,500,O
128,a,O
128,year,O
128,.,O
129,the,O
129,compters,O
129,of,O
129,ludgate,ORG
129,",",O
129,giltspur,O
129,",",O
129,street,ORG
129,and,ORG
129,the,O
129,borough,O
129,were,O
129,discontinued,ORG
129,as,O
129,debtor,O
129,',O
129,s,O
129,prisons,O
129,as,O
129,was,O
129,newgate,O
129,also,O
129,.,O
130,on,O
130,!,O
130,t,O
130,.,O
130,h,O
130,.,O
130,e,O
130,.,O
130,?,O
130,opening,LOC
130,of,O
130,whitecross,O
130,prison,O
130,for,O
130,debtors,O
130,in,O
131,ludgate,LOC
131,to,O
131,the,O
131,last,O
131,was,O
131,the,O
131,debtor,O
131,',O
131,s,O
131,prison,O
131,for,O
131,freemen,O
131,of,O
131,the,O
131,city,O
131,of,O
131,london,LOC
131,.,O
132,clergymen,O
132,proctors,O
132,attorneys,O
132,and,O
132,persons,O
132,specially,O
132,selected,O
132,by,O
132,the,O
132,corporation,O
132,.,O
133,at,O
133,one,O
133,time,O
133,",",O
133,the,O
133,ludgate,ORG
133,debtors,O
133,accompanied,O
133,by,O
133,the,O
133,keeper,O
133,.,O
134,the,O
134,giltspur,ORG
134,street,ORG
134,compter,ORG
134,received,O
134,sheriff,O
134,',O
134,s,O
134,debtors,O
134,also,O
134,felons,O
134,vagrants,O
134,and,O
134,night,O
134,charges,O
134,.,O
135,it,O
135,was,O
135,generally,O
135,crowded,O
135,as,O
135,debtors,O
135,who,O
135,would,O
135,have,O
135,gone,O
135,to,O
135,the,O
135,poultry,O
135,compter,ORG
135,were,ORG
135,sent,O
135,to,O
135,giltspur,O
135,street,LOC
135,when,LOC
135,the,O
135,former,O
135,was,O
135,condemned,O
135,as,O
135,unfit,O
135,to,O
135,receive,O
135,prisoners,O
135,.,O
136,the,O
136,demands,O
136,for,O
136,fees,O
136,were,O
136,excessive,O
136,in,O
136,giltspur,LOC
136,street,LOC
136,.,O
137,the,O
137,borough,ORG
137,compter,ORG
137,was,O
137,in,O
137,a,O
137,disgraceful,O
137,state,O
137,to,O
137,the,O
137,last,O
137,the,O
137,men,O
137,.,O
137,ward,O
137,had,O
137,an,O
137,earth,O
137,or,O
137,rather,O
137,a,O
137,mud,O
137,floor,O
137,.,O
138,in,O
138,one,O
138,room,O
138,mr,O
138,neild,O
138,found,PER
138,a,O
138,woman,O
138,ill,O
138,of,O
138,a,O
138,flux,O
138,shut,O
138,up,O
138,with,O
138,three,O
138,men,O
138,.,O
139,neild,PER
139,found,O
139,the,O
139,prisoners,O
139,in,O
139,the,O
139,borough,LOC
139,compter,LOC
139,",",O
139,ragged,O
139,",",O
139,starving,O
139,and,O
139,dirty,O
139,.,O
140,i,O
140,come,O
140,now,O
140,to,O
140,the,O
140,debtors,O
140,in,O
140,newgate,LOC
140,the,O
140,quarters,O
140,they,O
140,occupied,O
140,were,O
140,divided,O
140,as,O
140,i,O
140,have,O
140,said,O
140,into,O
140,three,O
140,principal,O
140,divisions,O
140,.,O
141,this,O
141,was,O
141,the,O
141,reprehensible,O
141,claim,O
141,for,O
141,garnish,O
141,which,O
141,had,O
141,already,O
141,been,O
141,abolished,O
141,in,O
141,all,O
141,well,O
141,conducted,O
141,prisons,O
141,but,O
141,which,O
141,still,O
141,was,O
141,demanded,O
141,in,O
141,newgate,O
141,.,O
142,on,O
142,the,O
142,master,O
142,side,O
142,",",O
142,it,O
142,was,O
142,thirteen,O
142,and,O
142,fourpence,O
142,and,O
142,a,O
142,gallon,O
142,of,O
142,beer,O
142,on,O
142,entrance,O
142,",",O
142,although,O
142,mr,O
142,.,O
142,newman,O
142,.,O
143,and,O
143,gave,O
143,the,O
143,garnish,O
143,for,O
143,the,O
143,common,O
143,side,O
143,at,O
143,that,O
143,sum,O
143,",",O
143,which,O
143,is,O
143,five,O
143,shill,O
143,",",O
143,i,O
143,',O
143,ngs,O
143,more,O
143,than,O
143,mr,O
143,.,O
143,neild,PER
143,says,O
143,",",O
143,was,O
143,extorted,O
143,on,O
143,the,O
143,common,O
143,side,O
143,.,O
144,there,O
144,was,O
144,this,O
144,much,O
144,honest,O
144,forbearance,O
144,in,O
144,newgate,LOC
144,in,O
144,these,O
144,days,O
144,.,O
145,notably,O
145,",",O
145,as,O
145,when,O
145,numbers,O
145,filled,O
145,newgate,ORG
145,in,O
145,anticipation,O
145,of,O
145,lord,O
145,redesdale,PER
145,bill,O
145,for,O
145,insolvent,O
145,debtors,O
145,.,O
146,the,O
146,chronicles,ORG
146,of,ORG
146,newgate,ORG
146,volume,O
146,2,O
146,by,O
146,arthur,O
146,griffith,O
146,',O
146,s,PER
146,section,PER
146,5,O
146,",",O
146,newgate,O
146,",",O
146,down,O
146,to,O
146,1818,LOC
146,",",O
146,part,O
146,2,O
146,.,O
147,enough,O
147,has,O
147,been,O
147,said,O
147,",",O
147,probably,O
147,to,O
147,prove,O
147,that,O
147,there,O
147,was,O
147,room,O
147,for,O
147,improvement,O
147,in,O
147,the,O
147,condition,O
147,and,O
147,treatment,O
147,of,O
147,debtors,O
147,in,O
147,the,O
147,prisons,O
147,of,O
147,the,O
147,city,O
147,of,O
147,london,O
147,.,O
148,this,O
148,gradually,O
148,was,O
148,forced,O
148,upon,O
148,the,O
148,consciousness,O
148,of,O
148,the,O
148,corporation,ORG
148,.,O
149,authority,O
149,was,O
149,given,O
149,to,O
149,raise,O
149,money,O
149,on,O
149,the,O
149,orphan,O
149,',O
149,s,O
149,fund,O
149,to,O
149,the,O
149,extent,O
149,of,O
149,90,O
149,0,O
149,.,O
150,a,O
150,site,O
150,was,O
150,purchased,O
150,between,O
150,red,LOC
150,lion,LOC
150,and,O
150,white,LOC
150,cross,LOC
150,streets,O
150,and,O
150,a,O
150,new,O
150,prison,O
150,planned,O
150,.,O
151,w,O
151,.,O
151,h,O
151,.,O
151,i,O
151,.,O
151,c,O
151,.,O
151,h,O
151,.,O
151,would,O
151,accommodate,LOC
151,the,O
151,inmates,O
151,of,O
151,newgate,O
151,and,O
151,of,O
151,the,LOC
151,three,O
152,giltspur,LOC
152,street,LOC
152,and,O
152,the,O
152,poultry,O
152,or,LOC
152,about,O
152,four,O
152,hundred,O
152,and,O
152,seventy,O
152,six,O
152,in,O
152,all,O
152,.,O
153,and,O
153,it,O
153,was,O
153,not,O
153,ready,O
153,to,O
153,relieve,O
153,newgate,LOC
153,till,O
153,late,O
153,in,O
153,1815,O
153,.,O
154,could,O
154,not,O
154,be,O
154,carried,O
154,out,O
154,till,O
154,then,O
154,it,O
154,is,O
154,to,O
154,be,O
154,feared,O
154,that,O
154,long,O
154,after,O
154,the,O
154,opening,O
154,of,O
154,white,O
154,cross,LOC
154,street,LOC
154,prison,LOC
154,.,O
155,newgate,ORG
155,continued,O
155,to,O
155,be,O
155,a,O
155,reproach,O
155,to,O
155,those,O
155,responsible,O
155,for,O
155,its,O
155,management,O
155,.,O
156,i,O
156,pass,O
156,now,O
156,to,O
156,the,O
156,criminal,O
156,side,O
156,of,O
156,newgate,ORG
156,",",O
156,which,O
156,consisted,O
156,of,O
156,the,O
156,six,O
156,quarters,O
156,or,O
156,yards,O
156,",",O
156,already,O
156,enumerated,O
156,and,O
156,described,O
156,.,O
157,in,O
157,this,O
157,heterogeneous,O
157,society,O
157,were,O
157,also,O
157,thrown,O
157,the,O
157,unfortunate,O
157,journalists,O
157,to,O
157,whom,O
157,i,O
157,have,O
157,already,O
157,referred,O
157,and,O
157,on,O
157,whom,O
157,imprisonment,O
157,in,O
157,newgate,O
157,.,O
158,it,O
158,was,O
158,particularly,O
158,recommended,O
158,by,O
158,the,O
158,committee,ORG
158,on,ORG
158,jails,ORG
158,in,O
158,1814,O
158,.,O
159,the,O
159,hon,O
159,h,O
159,.,O
159,g,O
159,.,O
159,bennet,O
159,",",O
159,who,O
159,visited,O
159,newgate,PER
159,in,O
159,1817,O
159,",",O
159,saw,O
159,in,LOC
159,one,O
159,yard,O
159,in,O
159,a,O
159,total,O
159,of,O
159,seventy,O
159,two,O
159,prisoners,O
159,.,O
160,mr,O
160,.,O
160,bennet,O
160,refers,PER
160,to,O
160,a,O
160,gentleman,O
160,confined,O
160,for,O
160,want,O
160,of,O
160,bail,O
160,who,O
160,occupied,O
160,a,O
160,room,O
160,with,O
160,five,O
160,others,O
160,.,O
161,quote,O
161,a,O
161,common,O
161,sized,O
161,man,O
161,",",O
161,says,O
161,the,O
161,keeper,O
161,",",O
161,mr,O
161,.,O
161,newman,O
161,can,O
161,turn,O
161,in,O
161,nineteen,O
161,inches,PER
161,end,O
161,quote,O
161,.,O
162,these,O
162,often,O
162,remained,O
162,in,O
162,newgate,LOC
162,for,O
162,six,O
162,months,O
162,",",O
162,sometimes,O
162,a,O
162,year,O
162,in,O
162,some,O
162,cases,O
162,longer,O
162,.,O
163,mr,O
163,.,O
163,newman,O
163,admitted,PER
163,that,O
163,he,O
163,had,O
163,petitioned,O
163,that,O
163,certain,O
163,trusty,O
163,men,O
163,might,O
163,be,O
163,left,O
163,in,O
163,the,O
163,jail,O
163,.,O
164,mr,O
164,.,O
164,bennet,O
164,mentions,PER
164,also,O
164,the,O
164,case,O
164,of,O
164,young,O
164,men,O
164,of,O
164,better,O
164,stamp,O
164,clerks,O
164,in,O
164,city,O
164,offices,O
164,and,O
164,youths,O
164,of,O
164,good,O
164,parentage,O
164,.,O
165,mr,O
165,.,O
165,buxton,O
165,in,PER
165,the,O
165,work,O
165,already,O
165,quoted,O
165,instances,O
165,another,O
165,grievous,O
165,case,O
165,of,O
165,the,O
165,horrors,O
165,of,O
165,indiscriminate,O
165,association,O
165,in,O
165,newgate,O
165,.,O
166,having,O
166,been,O
166,committed,O
166,to,O
166,clerkenwell,LOC
166,?,O
167,he,O
167,was,O
167,sent,O
167,on,O
167,to,O
167,newgate,LOC
167,in,O
167,a,O
167,coach,O
167,handcuffed,O
167,to,O
167,a,O
167,noted,O
167,house,O
167,breaker,O
167,who,O
167,was,O
167,afterwards,O
167,cast,O
167,for,O
167,death,O
167,.,O
168,the,O
168,first,O
168,night,O
168,in,O
168,newgate,LOC
168,and,O
168,for,O
168,the,O
168,subsequent,O
168,fortnight,O
168,?,O
169,h,O
169,.,O
169,i,O
169,.,O
169,s,O
169,.,O
169,wife,O
169,visited,O
169,him,LOC
169,in,O
169,newgate,O
169,and,O
169,wrote,O
169,a,O
169,pitiable,O
169,account,O
169,of,O
169,the,O
169,state,O
169,in,O
169,which,O
169,she,O
169,found,O
169,her,O
169,husband,O
169,.,O
170,the,O
170,fee,O
170,for,O
170,admission,O
170,to,O
170,the,O
170,state,O
170,side,O
170,",",O
170,as,O
170,fixed,O
170,by,O
170,the,O
170,table,O
170,of,O
170,fees,O
170,",",O
170,was,O
170,three,O
170,guineas,O
170,",",O
170,but,O
170,mr,O
170,.,O
170,newman,O
170,declared,O
170,that,O
170,he,O
170,never,PER
170,took,O
170,more,O
170,than,O
170,two,O
170,.,O
171,a,O
171,mr,O
171,.,O
171,lundy,O
171,charged,PER
171,with,O
171,forgery,O
171,was,O
171,thus,O
171,accommodated,O
171,on,O
171,the,O
171,state,O
171,side,O
171,for,O
171,upwards,O
171,of,O
171,five,O
171,years,O
171,.,O
172,mr,O
172,.,O
172,davison,O
172,sent,PER
172,to,O
172,newgate,O
172,for,O
172,embezzlement,LOC
172,and,O
172,whose,O
172,case,O
172,is,O
172,given,O
172,in,O
172,the,O
172,preceding,O
172,chapter,O
172,.,O
173,was,O
173,accommodated,O
173,with,O
173,a,O
173,room,O
173,in,O
173,mr,O
173,.,O
173,newman,O
173,house,PER
173,at,O
173,the,O
173,extravagant,O
173,rental,O
173,of,O
173,thirty,O
173,guinea,O
173,',O
173,s,O
173,per,O
173,week,O
173,.,O
174,mr,O
174,cobbett,O
174,was,PER
174,also,O
174,a,O
174,lodger,O
174,of,O
174,mr,O
174,newman,O
174,",",O
174,and,O
174,so,PER
174,were,O
174,any,O
174,members,O
174,of,O
174,the,O
174,aristocracy,O
174,.,O
175,if,O
175,they,O
175,happened,O
175,to,O
175,be,O
175,in,O
175,funds,O
175,among,O
175,whom,O
175,was,O
175,the,O
175,marquis,O
175,of,O
175,sligo,PER
175,in,O
175,1811,LOC
175,.,O
176,w,O
176,.,O
176,h,O
176,.,O
176,i,O
176,.,O
176,c,O
176,.,O
176,h,O
176,.,O
176,will,O
176,deal,PER
176,with,O
176,mrs,O
176,.,O
176,fry,O
176,philanthropic,O
176,exertions,O
176,at,O
176,this,O
176,period,O
176,in,O
176,this,O
176,particular,O
176,part,O
176,of,O
176,the,O
176,prison,O
176,.,O
177,once,O
177,during,O
177,the,O
177,long,O
177,illness,O
177,of,O
177,george,O
177,iii,PER
177,",",O
177,as,PER
177,many,O
177,as,O
177,one,O
177,hundred,O
177,were,O
177,there,O
177,",",O
177,waiting,O
177,the,O
177,report,O
177,as,O
177,it,O
177,was,O
177,called,O
177,.,O
178,mr,O
178,bennet,O
178,speaks,PER
178,of,O
178,thirty,O
178,eight,O
178,capital,O
178,convicts,O
178,he,O
178,found,O
178,in,O
178,the,O
178,press,O
178,yard,O
178,in,O
178,february,O
178,1817,O
178,.,O
179,these,O
179,capital,O
179,convicts,O
179,",",O
179,says,O
179,mr,O
179,bennet,O
179,",",O
179,quote,O
179,",",O
179,lessened,PER
179,the,O
179,ennui,O
179,and,O
179,despair,O
179,of,O
179,their,O
179,situation,O
179,by,O
179,unbecoming,O
179,merriment,O
179,.,O
180,i,O
180,saw,O
180,cashman,PER
180,a,O
180,few,O
180,hours,O
180,before,O
180,his,O
180,execution,O
180,smoking,O
180,and,O
180,drinking,O
180,with,O
180,the,O
180,utmost,O
180,unconcern,O
180,and,O
180,indifference,O
180,end,O
180,quote,O
180,.,O
181,well,O
181,might,O
181,mr,O
181,bennet,O
181,write,PER
181,that,O
181,the,O
181,condition,O
181,of,O
181,the,O
181,condemned,O
181,side,O
181,was,O
181,the,O
181,most,O
181,prominent,O
181,of,O
181,the,O
181,manifold,O
181,evils,O
181,in,O
181,the,O
181,present,O
181,system,O
181,of,O
181,newgate,O
181,.,O
182,such,O
182,as,O
182,messrs,O
182,",",O
182,birch,O
182,of,PER
182,cornhill,O
182,and,LOC
182,messrs,O
182,",",O
182,leach,O
182,and,O
182,dollimore,PER
182,of,O
182,ludgate,PER
182,hill,O
182,.,O
183,preparatory,O
183,to,O
183,their,O
183,appearance,O
183,in,O
183,the,O
183,old,LOC
183,bailey,LOC
183,",",O
183,irons,O
183,were,O
183,seldom,O
183,removed,O
183,from,O
183,the,O
183,convicted,O
183,until,O
183,discharge,O
183,.,O
184,any,O
184,reputed,O
184,and,O
184,indeed,O
184,any,O
184,real,O
184,wife,O
184,might,O
184,spend,O
184,the,O
184,night,O
184,in,O
184,newgate,O
184,if,O
184,she,LOC
184,would,O
184,pay,O
184,the,O
184,',O
184,shilling,O
184,fee,O
184,commonly,O
184,',O
184,known,O
184,as,O
184,the,O
184,bad,O
184,money,O
184,?,O
185,kept,O
185,open,O
185,house,O
185,",",O
185,so,O
185,to,O
185,speak,O
185,and,O
185,entertained,O
185,daily,O
185,within,O
185,the,O
185,walls,O
185,",",O
185,a,O
185,select,O
185,party,O
185,of,O
185,the,O
185,most,O
185,noted,O
185,thieves,O
185,in,O
185,london,O
185,.,O
186,owing,O
186,to,O
186,the,O
186,facility,O
186,of,O
186,intercourse,O
186,between,O
186,inside,O
186,and,O
186,outside,O
186,many,O
186,crimes,O
186,were,O
186,doubtless,O
186,hatched,O
186,in,O
186,newgate,O
186,.,O
187,i,O
187,believe,O
187,",",O
187,says,O
187,mr,O
187,bennet,O
187,",",O
187,in,O
187,the,PER
187,letter,O
187,already,O
187,largely,O
187,quoted,O
187,.,O
188,that,O
188,there,O
188,is,O
188,no,O
188,place,O
188,in,O
188,the,O
188,metropolis,O
188,",",O
188,where,O
188,more,O
188,crimes,O
188,are,O
188,projected,O
188,or,O
188,where,O
188,stolen,O
188,property,O
188,is,O
188,more,O
188,secreted,O
188,than,O
188,in,O
188,newgate,LOC
188,.,O
189,although,O
189,attempted,O
189,partially,O
189,at,O
189,bridewell,LOC
189,and,O
189,more,O
189,systematically,O
189,at,O
189,the,O
189,new,O
189,millbank,O
189,penitentiary,LOC
189,.,O
190,it,O
190,was,O
190,not,O
190,strange,O
190,",",O
190,therefore,O
190,",",O
190,that,O
190,the,O
190,inmates,O
190,of,O
190,newgate,O
190,should,O
190,turn,LOC
190,their,O
190,unoccupied,O
190,brains,O
190,and,O
190,idle,O
190,hands,O
190,to,O
190,all,O
190,manner,O
190,of,O
190,mischief,O
190,.,O
191,the,O
191,report,O
191,of,O
191,the,O
191,committee,O
191,of,O
191,the,O
191,house,ORG
191,of,ORG
191,commons,ORG
191,painted,O
191,so,O
191,black,O
191,a,O
191,picture,O
191,of,O
191,newgate,ORG
191,as,O
191,then,O
191,conducted,O
191,that,O
191,the,O
191,corporation,O
191,were,ORG
191,roused,O
191,in,O
191,very,O
191,shame,O
191,.,O
192,the,O
192,court,ORG
192,of,ORG
192,aldermen,ORG
192,appointed,O
192,a,O
192,committee,ORG
192,of,O
192,its,O
192,own,O
192,body,O
192,assisted,O
192,by,O
192,the,O
192,town,O
192,clerk,O
192,mr,O
192,dance,O
192,city,O
192,",",O
192,surveyor,O
192,",",O
192,son,PER
192,to,O
192,the,O
192,architect,O
192,of,O
192,newgate,O
192,.,O
193,and,O
193,mr,O
193,.,O
193,addison,O
193,keeper,PER
193,of,O
193,newgate,O
193,to,O
193,make,ORG
193,a,O
193,visitation,O
193,of,O
193,the,O
193,jails,O
193,supposed,O
193,to,O
193,be,O
193,the,O
193,best,O
193,managed,O
193,",",O
193,including,O
193,those,O
193,of,O
193,petworth,O
193,and,O
193,gloucester,O
193,.,O
194,also,O
194,to,O
194,make,O
194,such,O
194,proposals,O
194,",",O
194,as,O
194,might,O
194,appear,O
194,salutary,O
194,and,O
194,calculated,O
194,to,O
194,improve,O
194,newgate,O
194,and,LOC
194,the,O
194,rest,O
194,of,O
194,the,O
194,city,O
194,jails,O
194,.,O
195,had,O
195,they,O
195,been,O
195,accepted,O
195,in,O
195,their,O
195,entirety,O
195,",",O
195,little,O
195,fault,O
195,could,O
195,in,O
195,future,O
195,have,O
195,been,O
195,found,O
195,with,O
195,the,O
195,managers,O
195,of,O
195,newgate,O
195,.,O
196,the,O
196,committee,ORG
196,did,O
196,not,O
196,deny,O
196,the,O
196,superior,O
196,advantages,O
196,offered,O
196,by,O
196,such,O
196,prisons,O
196,as,O
196,gloucester,LOC
196,and,O
196,p,LOC
196,.,O
196,e,O
196,.,O
197,end,O
197,quote,O
197,",",O
197,it,O
197,would,O
197,cover,O
197,some,O
197,thirty,O
197,acres,O
197,and,O
197,cost,O
197,a,O
197,great,O
197,deal,O
197,more,O
197,than,O
197,the,O
197,city,O
197,with,O
197,the,O
197,example,O
197,of,O
197,whitecros,O
197,',O
197,s,O
197,street,O
197,prison,LOC
197,before,LOC
197,it,O
197,.,O
198,the,O
198,committee,ORG
198,does,O
198,not,O
198,seem,O
198,to,O
198,have,O
198,yet,O
198,understood,O
198,that,O
198,newgate,ORG
198,could,O
198,be,O
198,only,O
198,and,O
198,properly,O
198,replaced,O
198,.,O
199,by,O
199,a,O
199,new,O
199,jail,O
199,built,O
199,on,O
199,the,O
199,outskirts,O
199,as,O
199,holloway,O
199,eventually,ORG
199,was,O
199,and,O
199,permitted,O
199,itself,O
199,to,O
199,be,O
199,altogether,O
199,countered,O
199,.,O
200,and,O
200,checked,O
200,in,O
200,its,O
200,efforts,O
200,towards,O
200,reform,O
200,by,O
200,the,O
200,prohibitory,O
200,costliness,O
200,of,O
200,the,O
200,land,O
200,about,O
200,newgate,ORG
200,.,O
201,it,O
201,was,O
201,very,O
201,desirable,O
201,that,O
201,there,O
201,should,O
201,be,O
201,a,O
201,more,O
201,speedy,O
201,removal,O
201,of,O
201,transports,O
201,from,O
201,newgate,LOC
201,to,O
201,the,O
201,ships,O
201,.,O
202,again,O
202,",",O
202,there,O
202,was,O
202,the,O
202,new,O
202,millbank,O
202,penitentiary,LOC
202,now,O
202,ready,O
202,for,O
202,occupation,O
202,.,O
203,w,O
203,.,O
203,hy,O
203,not,O
203,relieve,ORG
203,newgate,O
203,by,O
203,drawing,O
203,more,O
203,largely,O
203,upon,O
203,the,O
203,superior,O
203,accommodation,O
203,which,ORG
203,millbank,O
203,offered,O
203,.,O
204,the,O
204,chronicles,ORG
204,of,ORG
204,newgate,ORG
204,volume,O
204,2,O
204,by,O
204,arthur,O
204,griffith,O
204,',O
204,s,PER
204,section,PER
204,7,O
204,",",O
204,the,O
204,beginnings,O
204,of,O
204,prison,O
204,reform,O
204,.,O
205,while,O
205,mrs,O
205,fry,O
205,was,PER
205,diligently,O
205,engaged,O
205,upon,O
205,her,O
205,self,O
205,imposed,O
205,task,O
205,in,O
205,newgate,O
205,.,O
206,h,PER
206,.,O
206,owa,O
206,.,O
206,r,O
206,.,O
206,d,O
206,.,O
206,energy,O
206,and,O
206,devotion,O
206,were,O
206,rewarded,O
206,by,O
206,lively,O
206,sympathy,O
206,but,O
206,the,O
206,desire,O
206,to,O
206,improve,O
206,which,O
206,followed,O
206,his,O
206,exposures,O
206,was,O
206,but,O
206,short,O
206,lived,O
206,.,O
207,mr,O
207,.,O
207,neild,O
207,a,PER
207,second,O
207,howard,O
207,.,O
208,mr,O
208,.,O
208,neild,O
208,was,PER
208,compelled,O
208,to,O
208,admit,O
208,in,O
208,1812,O
208,that,O
208,the,O
208,great,O
208,reformation,O
208,produced,O
208,by,O
208,howard,O
208,.,O
209,i,O
209,have,O
209,shown,O
209,in,O
209,a,O
209,previous,O
209,chapter,O
209,what,O
209,newgate,ORG
209,was,O
209,at,O
209,this,O
209,period,O
209,",",O
209,despite,O
209,a,O
209,vast,O
209,expenditure,O
209,and,O
209,boasted,O
209,efforts,O
209,to,O
209,introduce,O
209,reforms,O
209,.,O
210,a,O
210,king,O
210,son,O
210,",",O
210,the,O
210,duke,O
210,of,O
210,gloucester,O
210,",",O
210,was,O
210,the,O
210,patron,LOC
210,among,O
210,the,O
210,vice,O
210,presidents,O
210,were,O
210,many,O
210,great,O
210,peers,O
210,of,O
210,the,O
210,realm,O
210,.,O
211,several,O
211,bishops,O
211,and,O
211,a,O
211,number,O
211,of,O
211,members,O
211,of,O
211,the,O
211,house,O
211,of,ORG
211,commons,ORG
211,",",O
211,including,ORG
211,mr,O
211,manners,O
211,sutton,O
211,.,O
212,mr,O
212,sturges,O
212,bourne,PER
212,",",O
212,sir,PER
212,james,O
212,james,O
212,mackintosh,PER
212,",",O
212,sir,PER
212,james,PER
212,scarlett,O
212,and,O
212,william,PER
212,wilberforce,PER
212,.,O
213,one,O
213,of,O
213,the,O
213,moving,O
213,spirits,O
213,was,O
213,the,O
213,honorable,O
213,h,O
213,.,O
213,g,O
213,.,O
213,bennet,O
213,m,O
213,.,O
213,p,PER
213,.,O
213,whose,O
213,vigorous,O
213,protests,O
213,against,O
213,the,O
213,lamentable,O
213,condition,O
213,of,O
213,newgate,O
213,have,O
213,already,O
213,been,O
213,recorded,O
213,.,O
214,mrs,O
214,.,O
214,fry,O
214,brother,PER
214,",",O
214,mr,O
214,.,O
214,samuel,O
214,hoare,O
214,junior,O
214,",",O
214,was,O
214,chairman,O
214,of,PER
214,the,PER
214,committee,O
214,on,O
214,which,O
214,also,O
214,served,O
214,many,O
214,noted,O
214,members,ORG
214,of,O
214,the,O
214,society,O
214,of,O
214,friends,O
214,.,O
215,mr,O
215,gurney,O
215,",",O
215,mr,PER
215,fry,O
215,",",O
215,messrs,O
215,forster,O
215,and,PER
215,mr,O
215,t,O
215,f,O
215,buxton,PER
215,",",O
215,the,O
215,coadjutor,O
215,of,O
215,wilberforce,O
215,",",O
215,in,O
215,the,O
215,great,O
215,anti,O
215,slavery,PER
215,struggle,O
215,.,O
216,mr,O
216,.,O
216,buxton,O
216,had,PER
216,already,O
216,been,O
216,associated,O
216,with,O
216,mrs,O
216,.,O
216,fry,O
216,in,O
216,the,PER
216,newgate,O
216,visitation,O
216,and,LOC
216,his,O
216,attention,O
216,had,O
216,thus,O
216,been,O
216,drawn,O
216,to,O
216,the,O
216,neglected,O
216,state,O
216,of,O
216,english,O
216,prisons,O
216,.,O
217,when,O
217,in,O
217,belgium,LOC
217,",",O
217,he,O
217,had,O
217,examined,O
217,with,O
217,great,O
217,satisfaction,O
217,",",O
217,the,O
217,admirable,O
217,management,O
217,of,O
217,the,O
217,great,O
217,maison,O
217,de,ORG
217,force,ORG
217,at,ORG
217,ghent,O
217,.,O
218,which,O
218,howard,PER
218,had,O
218,eulogized,O
218,some,O
218,forty,O
218,years,O
218,before,O
218,?,O
219,mr,O
219,.,O
219,buxton,O
219,",",O
219,small,PER
219,work,O
219,on,O
219,prison,O
219,discipline,O
219,gave,O
219,a,O
219,new,O
219,aspect,O
219,to,O
219,the,O
219,question,O
219,he,O
219,had,O
219,so,O
219,much,O
219,at,O
219,heart,O
219,.,O
220,they,O
220,had,O
220,a,O
220,right,O
220,mr,O
220,.,O
220,buxton,O
220,affirmed,O
220,to,PER
220,be,O
220,employed,O
220,in,O
220,their,O
220,own,O
220,crafts,O
220,",",O
220,provided,O
220,it,O
220,could,O
220,be,O
220,safely,O
220,followed,O
220,in,O
220,prison,O
220,.,O
221,the,O
221,convicted,O
221,delinquent,O
221,has,O
221,his,O
221,rights,O
221,",",O
221,said,O
221,mr,O
221,.,O
221,buxton,O
221,authoritatively,O
221,.,O
222,as,O
222,mr,O
222,.,O
222,buxton,O
222,pointed,PER
222,out,O
222,",",O
222,many,O
222,old,O
222,acts,O
222,of,O
222,parliament,O
222,designed,O
222,to,O
222,protect,O
222,the,O
222,prisoner,O
222,were,O
222,still,O
222,in,O
222,full,O
222,force,O
222,.,O
223,as,O
223,far,O
223,back,O
223,as,O
223,the,O
223,reign,O
223,of,O
223,charles,PER
223,ii,PER
223,",",O
223,a,O
223,law,O
223,was,O
223,passed,O
223,declaring,O
223,that,O
223,sufficient,O
223,provision,O
223,should,O
223,be,O
223,made,O
223,for,O
223,the,O
223,relief,O
223,and,O
223,setting,O
223,on,O
223,work,O
223,.,O
224,again,O
224,",",O
224,the,O
224,22,O
224,charles,O
224,ii,PER
224,c,PER
224,20,O
224,ordered,O
224,the,O
224,jailer,O
224,to,O
224,keep,O
224,felons,O
224,and,O
224,debtors,O
224,separate,O
224,and,O
224,apart,O
224,from,O
224,one,O
224,another,O
224,.,O
225,a,O
225,.,O
225,much,O
225,later,O
225,act,O
225,",",O
225,the,O
225,14,O
225,george,O
225,iii,PER
225,c,PER
225,59,O
225,1774,O
225,.,O
226,which,O
226,was,O
226,contemporaneous,O
226,",",O
226,with,O
226,howard,PER
226,first,O
226,journeys,O
226,laid,O
226,down,O
226,precise,O
226,rules,O
226,as,O
226,regards,O
226,cleanliness,O
226,and,O
226,t,O
226,.,O
226,h,O
226,.,O
226,e,O
226,.,O
226,proper,O
226,supply,O
226,of,O
226,space,O
226,and,O
226,air,O
226,.,O
227,by,O
227,t,O
227,!,O
227,h,O
227,?,O
227,e,PER
227,?,O
227,3,PER
227,!,O
227,1,O
227,",",O
227,george,O
227,iii,O
227,c,O
227,.,O
227,46,O
227,s,O
227,.,O
227,5,O
227,.,O
228,the,O
228,most,O
228,important,O
228,jail,O
228,act,O
228,of,O
228,that,O
228,early,O
228,period,O
228,",",O
228,however,O
228,",",O
228,was,O
228,the,O
228,24,O
228,george,O
228,iii,O
228,c,PER
228,54,PER
228,s,O
228,4,O
228,1784,O
228,.,O
229,in,O
229,an,O
229,early,O
229,report,O
229,of,O
229,the,O
229,prison,ORG
229,discipline,ORG
229,",",O
229,improvement,ORG
229,society,ORG
229,.,O
230,i,O
230,.,O
230,n,O
230,1818,O
230,",",O
230,out,O
230,of,O
230,five,O
230,hundred,O
230,and,O
230,eighteen,O
230,prisons,O
230,in,O
230,the,O
230,united,LOC
230,kingdom,LOC
230,.,O
231,to,O
231,specify,O
231,more,O
231,particularly,O
231,one,O
231,or,O
231,two,O
231,of,O
231,the,O
231,worst,O
231,",",O
231,it,O
231,may,O
231,be,O
231,mentioned,O
231,that,O
231,in,O
231,the,O
231,borough,O
231,compter,LOC
231,.,O
232,mr,O
232,.,O
232,buxton,O
232,",",O
232,who,PER
232,found,O
232,this,O
232,declared,O
232,that,O
232,it,O
232,seemed,O
232,physically,O
232,impossible,O
232,",",O
232,but,O
232,he,O
232,was,O
232,assured,O
232,that,O
232,it,O
232,was,O
232,true,O
232,.,O
233,and,O
233,the,O
233,turnkey,O
233,told,O
233,mr,O
233,.,O
233,buxton,O
233,that,PER
233,the,O
233,smell,O
233,on,O
233,first,O
233,opening,O
233,the,O
233,door,O
233,was,O
233,eno,O
233,.,O
233,u,O
233,',O
233,gh,O
233,to,O
233,k,O
233,.,O
233,nock,O
233,down,O
233,a,O
233,horse,O
233,.,O
234,at,O
234,guildford,LOC
234,prison,O
234,",",O
234,which,O
234,mr,O
234,buxton,O
234,also,O
234,visited,PER
234,in,O
234,1818,O
234,.,O
235,matters,O
235,",",O
235,we,O
235,',O
235,re,O
235,on,O
235,much,O
235,the,O
235,same,O
235,footing,O
235,at,LOC
235,st,LOC
235,albans,LOC
235,.,O
236,they,O
236,were,O
236,far,O
236,worse,O
236,at,O
236,bristol,LOC
236,.,O
237,although,O
237,at,O
237,mr,O
237,.,O
237,buxton,O
237,visit,PER
237,a,O
237,new,O
237,jail,O
237,",",O
237,was,O
237,in,O
237,process,O
237,of,O
237,erection,O
237,",",O
237,the,O
237,first,O
237,step,O
237,towards,O
237,reform,O
237,since,O
237,howard,O
237,visitation,O
237,in,O
237,1774,O
237,.,O
238,in,O
238,the,O
238,crowd,O
238,",",O
238,all,O
238,of,O
238,them,O
238,persons,O
238,who,O
238,had,O
238,no,O
238,other,O
238,avocation,O
238,or,O
238,mode,O
238,of,O
238,livelihood,O
238,but,O
238,thieving,O
238,",",O
238,mr,O
238,.,O
238,buxton,O
238,counted,O
238,eleven,O
238,children,O
238,.,O
239,it,O
239,was,O
239,a,O
239,scene,O
239,of,O
239,infernal,O
239,passions,O
239,and,O
239,distresses,O
239,",",O
239,says,O
239,buxton,O
239,",",O
239,which,O
239,few,O
239,have,PER
239,imagination,O
239,sufficient,O
239,to,O
239,picture,O
239,.,O
240,confinement,O
240,for,O
240,twelve,O
240,months,O
240,in,O
240,the,O
240,bristol,LOC
240,jail,O
240,was,O
240,counted,O
240,a,O
240,punishment,O
240,equivalent,O
240,to,O
240,seven,O
240,year,O
240,',O
240,s,O
240,transportation,O
240,.,O
241,already,O
241,as,O
241,early,O
241,as,O
241,1818,O
241,",",O
241,a,O
241,prison,O
241,existed,O
241,at,O
241,bury,O
241,st,O
241,edmunds,LOC
241,",",O
241,which,LOC
241,was,LOC
241,a,LOC
241,model,O
241,for,O
241,imitation,O
241,to,O
241,others,O
241,at,O
241,that,O
241,time,O
241,.,O
242,another,O
242,jail,O
242,that,O
242,of,O
242,ilchester,O
242,was,LOC
242,also,O
242,worthy,O
242,of,O
242,all,O
242,commendation,O
242,",",O
242,it,O
242,e,O
242,?,O
242,x,O
242,',O
242,h,O
242,",",O
242,ibited,O
242,",",O
242,all,O
242,the,O
242,good,O
242,points,O
242,of,O
242,that,O
242,at,O
242,bury,LOC
242,.,O
243,at,O
243,ilchester,LOC
243,",",O
243,the,O
243,rule,O
243,of,O
243,employment,O
243,had,O
243,been,O
243,carried,O
243,further,O
243,.,O
244,a,O
244,system,O
244,not,O
244,adopted,O
244,generally,O
244,till,O
244,nearly,O
244,half,O
244,a,O
244,century,O
244,later,O
244,had,O
244,already,O
244,prevailed,O
244,at,O
244,ilchester,LOC
244,.,O
245,compared,O
245,with,O
245,those,O
245,highly,O
245,meritorious,O
245,institutions,O
245,",",O
245,newgate,ORG
245,still,O
245,showed,O
245,but,O
245,badly,O
245,.,O
246,mainly,O
246,through,O
246,the,O
246,exertions,O
246,of,O
246,a,O
246,new,O
246,governor,O
246,",",O
246,mr,O
246,brown,O
246,",",O
246,who,O
246,succeeded,PER
246,mr,O
246,newman,O
246,at,O
246,new,O
246,.,O
246,gate,O
246,in,PER
246,1817,O
246,.,O
247,mr,O
247,brown,O
247,confidently,PER
247,asserted,O
247,that,O
247,no,O
247,jail,O
247,in,O
247,england,O
247,now,LOC
247,fed,O
247,its,O
247,inmates,O
247,so,O
247,well,O
247,as,O
247,did,O
247,newgate,O
247,.,O
248,mr,O
248,brown,O
248,",",O
248,also,PER
248,much,O
248,to,O
248,his,O
248,own,O
248,credit,O
248,",",O
248,brought,O
248,about,O
248,the,O
248,abandonment,O
248,of,O
248,the,O
248,practice,O
248,of,O
248,ironing,O
248,all,O
248,prisoners,O
248,as,O
248,a,O
248,matter,O
248,of,O
248,course,O
248,.,O
249,in,O
249,1818,O
249,",",O
249,prisoners,O
249,awaiting,O
249,trial,O
249,in,O
249,newgate,LOC
249,were,O
249,at,O
249,length,O
249,relieved,O
249,from,O
249,this,O
249,illegal,O
249,infliction,O
249,.,O
250,mr,O
250,.,O
250,buxton,O
250,mentions,PER
250,the,O
250,case,O
250,of,O
250,a,O
250,boy,O
250,whose,O
250,apparent,O
250,innocence,O
250,and,O
250,artlessness,O
250,had,O
250,attracted,O
250,his,O
250,attention,O
250,.,O
251,he,O
251,left,O
251,newgate,ORG
251,utterly,O
251,corrupted,O
251,and,O
251,after,O
251,lapsing,O
251,into,O
251,crime,O
251,soon,O
251,",",O
251,returned,O
251,with,O
251,a,O
251,very,O
251,different,O
251,character,O
251,.,O
252,some,O
252,attempt,O
252,was,O
252,made,O
252,to,O
252,reduce,O
252,the,O
252,overcrowding,O
252,on,O
252,the,O
252,recommendation,O
252,of,O
252,the,O
252,house,O
252,of,ORG
252,commons,ORG
252,committee,ORG
252,of,ORG
252,1818,O
252,",",O
252,but,O
252,this,O
252,applied,O
252,only,O
252,a,O
252,partial,O
252,remedy,O
252,.,O
253,thus,O
253,disposing,O
253,of,O
253,the,O
253,objection,O
253,so,O
253,long,O
253,raised,O
253,against,O
253,the,O
253,industrial,O
253,employment,O
253,of,O
253,prisoners,O
253,in,O
253,newgate,LOC
253,.,O
254,as,O
254,the,O
254,prison,ORG
254,discipline,ORG
254,",",O
254,society,ORG
254,pertinently,O
254,observed,O
254,in,O
254,a,O
254,report,O
254,dated,O
254,1820,O
254,.,O
255,the,O
255,chronicles,ORG
255,of,ORG
255,newgate,ORG
255,volume,O
255,2,O
255,by,O
255,arthur,O
255,griffith,O
255,',O
255,s,PER
255,section,PER
255,8,O
255,",",O
255,the,O
255,beginnings,O
255,of,O
255,prison,O
255,reform,O
255,.,O
256,newgate,ORG
256,prisoners,O
256,were,O
256,the,O
256,victims,O
256,to,O
256,another,O
256,most,O
256,objectionable,O
256,practice,O
256,",",O
256,which,O
256,obtained,O
256,all,O
256,over,O
256,london,LOC
256,.,O
257,even,O
257,then,O
257,they,O
257,were,O
257,not,O
257,certain,O
257,of,O
257,the,O
257,favor,O
257,for,O
257,i,O
257,find,O
257,a,O
257,reference,O
257,to,O
257,a,O
257,decent,O
257,and,O
257,respectable,O
257,woman,O
257,sent,O
257,to,O
257,newgate,O
257,.,O
258,one,O
258,smug,O
258,alderman,O
258,",",O
258,a,O
258,member,O
258,of,O
258,the,O
258,house,O
258,of,ORG
258,commons,ORG
258,",",O
258,sneered,ORG
258,at,O
258,the,O
258,ultra,O
258,philanthropy,O
258,of,O
258,the,O
258,champions,O
258,of,O
258,prison,O
258,improvement,O
258,.,O
259,our,O
259,prisoners,O
259,have,O
259,all,O
259,that,O
259,prisoners,O
259,ought,O
259,to,O
259,have,O
259,without,O
259,gentlemen,O
259,",",O
259,think,O
259,they,O
259,ought,O
259,to,O
259,be,O
259,indulged,O
259,with,O
259,turkey,O
259,carpets,LOC
259,.,O
260,the,O
260,society,ORG
260,for,ORG
260,the,ORG
260,improvement,ORG
260,of,ORG
260,prison,ORG
260,discipline,ORG
260,was,O
260,taxed,O
260,with,O
260,a,O
260,desire,O
260,to,O
260,introduce,O
260,a,O
260,system,O
260,.,O
261,a,O
261,.,O
261,n,O
261,.,O
261,imputation,O
261,",",O
261,which,O
261,the,ORG
261,society,O
261,indignantly,O
261,and,O
261,very,O
261,justly,O
261,repudiated,O
261,the,O
261,statement,O
261,being,O
261,as,O
261,they,O
261,said,O
261,.,O
262,among,O
262,those,O
262,whom,O
262,the,O
262,society,ORG
262,found,O
262,arrayed,O
262,against,O
262,it,O
262,was,O
262,sydney,PER
262,smith,PER
262,.,O
263,while,O
263,fully,O
263,admitting,O
263,the,O
263,good,O
263,intentions,O
263,of,O
263,the,O
263,society,ORG
263,",",O
263,he,O
263,condemned,O
263,their,O
263,ultra,O
263,humanitari,O
263,",",O
263,anism,O
263,as,O
263,misplaced,O
263,.,O
264,he,O
264,took,O
264,exception,O
264,to,O
264,various,O
264,of,O
264,the,O
264,proposals,O
264,of,O
264,the,O
264,society,ORG
264,he,O
264,thought,O
264,they,O
264,leant,O
264,too,O
264,muc,O
264,',O
264,h,O
264,',O
264,!,O
264,t,O
264,.,O
264,o,O
264,.,O
264,',O
264,a,O
264,',O
264,!,O
264,s,O
264,!,O
264,y,O
264,!,O
264,s,O
264,?,O
264,t,O
264,.,O
264,e,O
264,.,O
264,m,O
264,.,O
264,?,O
264,of,O
264,!,O
265,the,O
265,society,ORG
265,pursued,O
265,its,O
265,laudable,O
265,undertaking,O
265,with,O
265,remarkable,O
265,energy,O
265,and,O
265,great,O
265,singleness,O
265,of,O
265,purpose,O
265,.,O
266,a,O
266,much,O
266,needed,O
266,and,O
266,according,O
266,to,O
266,our,O
266,idea,O
266,',O
266,s,O
266,indispensable,O
266,reform,O
266,already,O
266,initiated,O
266,by,O
266,the,O
266,ladies,O
266,committee,O
266,at,O
266,newgate,ORG
266,.,O
267,the,O
267,good,O
267,",",O
267,it,O
267,tried,O
267,to,O
267,do,O
267,took,O
267,active,O
267,shape,O
267,in,O
267,the,O
267,establishment,O
267,of,O
267,temporary,O
267,refuges,O
267,at,O
267,hoxton,O
267,for,O
267,males,LOC
267,and,O
267,in,O
267,the,O
267,hackney,O
267,road,O
267,for,O
267,females,LOC
267,.,O
268,for,O
268,the,O
268,reception,O
268,of,O
268,deserving,O
268,cases,O
268,discharged,O
268,from,O
268,prison,O
268,",",O
268,the,O
268,governor,O
268,of,O
268,newgate,O
268,and,LOC
268,other,O
268,metropolitan,O
268,prisons,LOC
268,had,O
268,orders,O
268,of,O
268,admission,O
268,to,O
268,this,O
268,refuge,O
268,.,O
269,and,O
269,in,O
269,moral,O
269,and,O
269,religious,O
269,duty,O
269,and,O
269,which,O
269,",",O
269,after,O
269,a,O
269,time,O
269,sought,O
269,to,O
269,provide,O
269,them,O
269,with,O
269,suitable,O
269,situations,O
269,",",O
269,was,O
269,supported,O
269,entirely,O
269,out,O
269,of,O
269,the,O
269,funds,O
269,of,O
269,t,O
269,.,O
269,h,O
269,.,O
269,e,O
269,.,O
269,society,ORG
269,.,O
270,another,O
270,point,O
270,to,O
270,which,O
270,the,O
270,society,ORG
270,devoted,O
270,infinite,O
270,pains,O
270,was,O
270,the,O
270,preparation,O
270,of,O
270,plans,O
270,for,O
270,the,O
270,guidance,O
270,of,O
270,architects,O
270,in,O
270,the,O
270,construction,O
270,of,O
270,prisons,O
270,.,O
271,a,O
271,very,O
271,valuable,O
271,volume,O
271,published,O
271,by,O
271,the,O
271,society,ORG
271,.,O
272,or,O
272,a,O
272,dungeon,O
272,above,O
272,or,O
272,below,O
272,the,O
272,gate,O
272,of,O
272,a,O
272,town,O
272,to,O
272,the,O
272,first,O
272,attempts,O
272,at,O
272,systematic,O
272,reconstruction,O
272,carried,O
272,out,O
272,under,O
272,the,O
272,advice,O
272,and,O
272,supervision,O
272,of,O
272,h,O
272,?,O
272,oward,PER
272,.,O
273,was,O
273,introduced,O
273,as,O
273,early,O
273,as,O
273,1790,O
273,by,O
273,mr,O
273,blackburn,O
273,.,O
274,the,O
274,society,ORG
274,did,O
274,not,O
274,limit,O
274,its,O
274,remarks,O
274,to,O
274,the,O
274,description,O
274,of,O
274,what,O
274,had,O
274,already,O
274,been,O
274,done,O
274,.,O
275,the,O
275,new,O
275,jails,O
275,",",O
275,as,O
275,howard,O
275,says,PER
275,having,O
275,pompous,O
275,fronts,O
275,",",O
275,appear,O
275,like,O
275,palaces,O
275,to,O
275,the,O
275,lower,O
275,class,O
275,of,O
275,people,O
275,and,O
275,many,O
275,persons,O
275,are,O
275,against,O
275,them,O
275,on,O
275,this,O
275,account,O
275,.,O
276,the,O
276,prison,ORG
276,society,ORG
276,reproves,O
276,the,O
276,misdirected,O
276,efforts,O
276,of,O
276,ambitious,O
276,architects,O
276,who,O
276,",",O
276,by,O
276,a,O
276,lavish,O
276,and,O
276,improvident,O
276,expenditure,O
276,of,O
276,public,O
276,money,O
276,.,O
277,these,O
277,are,O
277,principles,O
277,fully,O
277,recognized,O
277,now,O
277,a,O
277,days,O
277,and,O
277,it,O
277,may,O
277,fairly,O
277,be,O
277,conceded,O
277,that,O
277,the,O
277,prison,O
277,discipline,O
277,society,O
277,ideal,ORG
277,.,O
278,after,O
278,a,O
278,few,O
278,years,O
278,of,O
278,active,O
278,exertion,O
278,",",O
278,the,O
278,society,ORG
278,was,O
278,rewarded,O
278,by,O
278,fresh,O
278,legislation,O
278,.,O
279,to,O
279,its,O
279,efforts,O
279,and,O
279,their,O
279,effect,O
279,upon,O
279,parliament,O
279,and,ORG
279,the,O
279,public,O
279,mind,O
279,",",O
279,we,O
279,must,O
279,attribute,O
279,the,O
279,new,O
279,jail,O
279,acts,O
279,of,O
279,4,O
279,george,O
279,iv,O
279,.,O
280,cap,O
280,64,O
280,and,O
280,5,O
280,george,O
280,iv,O
280,cap,PER
280,85,PER
280,.,O
281,classification,O
281,was,O
281,insisted,O
281,upon,O
281,in,O
281,the,O
281,manner,O
281,laid,O
281,down,O
281,by,O
281,the,O
281,24,O
281,george,O
281,iii,PER
281,cap,PER
281,54,O
281,.,O
282,the,O
282,second,O
282,act,O
282,passed,O
282,in,O
282,the,O
282,following,O
282,year,O
282,enlarged,O
282,and,O
282,amended,O
282,the,O
282,first,O
282,and,O
282,at,O
282,the,O
282,same,O
282,time,O
282,gave,O
282,powers,O
282,to,O
282,the,O
282,house,O
282,.,O
283,the,O
283,promulgation,O
283,of,O
283,these,O
283,two,O
283,jail,O
283,acts,O
283,strengthened,O
283,the,O
283,hands,O
283,of,O
283,the,O
283,prison,ORG
283,discipline,ORG
283,society,ORG
283,enormously,O
283,.,O
284,the,O
284,society,ORG
284,did,O
284,not,O
284,shrink,O
284,from,O
284,its,O
284,self,O
284,imposed,O
284,duty,O
284,but,O
284,continued,O
284,year,O
284,after,O
284,year,O
284,with,O
284,unflagging,O
284,energy,O
284,and,O
284,unflinching,O
284,spirit,O
284,to,O
284,watch,O
284,closely,O
284,.,O
285,u,O
285,.,O
285,p,O
285,.,O
285,on,O
285,these,O
285,and,O
285,the,O
285,private,O
285,visitations,O
285,made,O
285,by,O
285,various,O
285,members,ORG
285,",",O
285,the,O
285,society,O
285,obtained,O
285,the,O
286,j,O
286,.,O
286,a,O
286,.,O
286,i,O
286,.,O
286,l,O
286,.,O
286,s,O
286,.,O
286,of,O
286,which,O
286,the,O
286,old,LOC
286,prison,O
286,at,O
286,reading,O
286,was,O
286,a,O
286,specimen,O
286,",",O
286,we,O
286,',O
286,re,O
286,still,O
287,numbers,O
287,of,O
287,the,O
287,jails,O
287,were,O
287,still,O
287,unprovided,O
287,with,O
287,chaplains,O
287,and,O
287,the,O
287,prisoners,O
287,never,O
287,heard,O
287,divine,O
287,service,O
287,.,O
288,the,O
288,interior,O
288,of,O
288,one,O
288,prison,O
288,was,O
288,illuminated,O
288,throughout,O
288,with,O
288,gas,O
288,still,O
288,a,O
288,novelty,O
288,which,O
288,had,O
288,been,O
288,generally,O
288,adopted,O
288,in,O
288,london,O
288,only,O
288,four,O
288,years,O
288,previously,LOC
288,.,O
289,four,O
289,years,O
289,later,O
289,",",O
289,the,O
289,prison,ORG
289,society,ORG
289,reported,O
289,.,O
290,at,O
290,the,O
290,new,LOC
290,prison,LOC
290,",",O
290,clerkenwell,O
290,",",O
290,which,LOC
290,had,O
290,become,O
290,the,O
290,principal,O
290,reception,O
290,jail,O
290,of,O
290,middles,O
290,.,O
290,e,O
290,.,O
290,x,LOC
290,.,O
290,and,O
290,so,O
290,took,O
290,all,O
290,the,O
290,untried,O
290,.,O
291,yet,O
291,to,O
291,clerkenwell,LOC
291,",",O
291,we,O
291,',O
291,re,O
291,now,O
291,committed,O
291,the,O
291,juveniles,O
291,and,O
291,all,O
291,who,O
291,were,O
291,inexperienced,O
291,in,O
291,crime,O
291,.,O
292,mr,O
292,.,O
292,peel,O
292,",",O
292,who,PER
292,as,O
292,home,O
292,secretary,O
292,had,O
292,charge,O
292,of,O
292,the,O
292,bill,O
292,?,O
293,w,O
293,.,O
293,hich,O
293,became,O
293,the,O
293,4,PER
293,george,PER
293,iv,O
293,cap,O
293,64,O
293,said,O
293,that,O
293,he,O
293,had,O
293,abstained,O
293,from,O
293,legislating,O
293,for,O
293,these,O
293,small,O
293,jurisdictions,O
293,on,O
293,mature,O
293,deliberation,O
293,.,O
294,at,O
294,this,O
294,time,O
294,there,O
294,were,O
294,in,O
294,england,LOC
294,",",O
294,one,O
294,hundred,O
294,and,O
294,seventy,O
294,boroughs,O
294,",",O
294,cities,O
294,towns,O
294,and,O
294,liberties,O
294,.,O
295,as,O
295,the,O
295,society,ORG
295,put,O
295,it,O
295,in,O
295,1827,O
295,",",O
295,the,O
295,friends,O
295,to,O
295,the,O
295,improvement,O
295,of,O
295,prison,O
295,discipline,O
295,will,O
295,regret,O
295,to,O
295,learn,O
295,.,O
296,the,O
296,society,ORG
296,proceeded,O
296,to,O
296,support,O
296,this,O
296,indictment,O
296,by,O
296,facts,O
296,it,O
296,is,O
296,much,O
296,the,O
296,old,O
296,story,O
296,.,O
297,as,O
297,is,O
297,shown,O
297,by,O
297,the,O
297,report,O
297,of,O
297,the,O
297,commissioners,ORG
297,to,O
297,inquire,O
297,into,O
297,the,O
297,state,O
297,of,O
297,the,O
297,municipal,O
297,corporation,O
297,',O
297,s,O
297,in,O
297,",",O
297,1835,O
297,.,O
298,thus,O
298,dina,PER
298,',O
298,s,PER
298,mwddy,O
298,in,O
298,merionethshire,LOC
298,had,O
298,besides,O
298,the,O
298,pinfold,O
298,and,O
298,the,O
298,stocks,O
298,or,O
298,crib,O
298,a,O
298,little,O
298,prison,O
298,.,O
299,clun,O
299,in,O
299,shropshire,O
299,had,LOC
299,a,O
299,lock,O
299,up,O
299,under,O
299,the,O
299,town,O
299,hall,O
299,.,O
300,at,O
300,eye,LOC
300,in,O
300,suffolk,O
300,",",O
300,the,LOC
300,jail,O
300,was,O
300,part,O
300,of,O
300,the,O
300,poor,O
300,house,O
300,",",O
300,so,O
300,it,O
300,was,O
300,at,O
300,richmond,O
300,in,O
300,yorkshire,O
300,",",O
300,where,LOC
300,the,O
300,master,O
300,of,LOC
300,the,O
300,workhouse,O
300,was,O
300,also,O
300,keeper,O
300,of,O
300,the,O
300,jail,O
300,",",O
301,at,O
301,godmanchester,LOC
301,",",O
301,there,O
301,was,O
301,no,O
301,jail,O
301,",",O
301,but,O
301,a,O
301,cage,O
301,to,O
301,secure,O
301,prisoners,O
301,till,O
301,they,O
301,could,O
301,be,O
301,taken,O
301,before,O
301,a,O
301,magistrate,O
301,.,O
302,kidderminster,ORG
302,had,O
302,a,O
302,prison,O
302,one,O
302,damp,O
302,chill,O
302,room,O
302,.,O
303,at,O
303,walsall,LOC
303,in,O
303,staffordshire,O
303,.,O
304,new,ORG
304,.,O
304,gate,O
304,through,O
304,all,O
304,these,O
304,years,O
304,continued,O
304,a,O
304,bye,O
304,word,O
304,with,O
304,the,O
304,society,ORG
304,.,O
305,but,O
305,it,O
305,was,O
305,pointed,O
305,out,O
305,in,O
305,1823,O
305,that,O
305,defective,O
305,construction,O
305,must,O
305,always,O
305,bar,O
305,the,O
305,way,O
305,to,O
305,any,O
305,radical,O
305,improvement,O
305,in,O
305,newgate,LOC
305,.,O
306,in,O
306,1824,O
306,",",O
306,newgate,LOC
306,had,O
306,no,O
306,glass,O
306,in,O
306,its,O
306,windows,O
306,",",O
306,except,O
306,in,O
306,the,O
306,infirmary,O
306,and,O
306,one,O
306,ward,O
306,of,O
306,the,O
306,chapel,O
306,yard,O
306,.,O
307,there,O
307,was,O
307,a,O
307,diminution,O
307,in,O
307,the,O
307,numbers,O
307,in,O
307,custody,O
307,due,O
307,to,O
307,the,O
307,adoption,O
307,of,O
307,the,O
307,practice,O
307,of,O
307,not,O
307,committing,O
307,at,O
307,once,O
307,to,O
307,newgate,O
307,every,LOC
307,offender,O
307,for,O
307,trial,O
307,at,O
307,the,O
307,old,O
307,bailey,LOC
307,.,O
308,in,O
308,1827,O
308,the,O
308,society,ORG
308,was,O
308,compelled,O
308,to,O
308,report,O
308,that,O
308,no,O
308,material,O
308,change,O
308,had,O
308,taken,O
308,place,O
308,in,O
308,n,O
308,.,O
308,e,LOC
308,.,O
308,w,O
308,.,O
308,g,O
308,.,O
308,a,O
308,.,O
308,t,O
308,.,O
308,e,O
308,.,O
308,',O
308,s,O
308,.,O
308,i,O
308,.,O
308,n,O
308,.,O
309,idleness,O
309,was,O
309,still,O
309,the,O
309,general,O
309,rule,O
309,for,O
309,all,O
309,prisoners,O
309,in,O
309,newgate,LOC
309,in,O
309,defiance,O
309,of,O
309,the,O
309,law,O
309,.,O
310,i,O
310,shall,O
310,have,O
310,more,O
310,to,O
310,say,O
310,on,O
310,this,O
310,subject,O
310,and,O
310,upon,O
310,the,O
310,state,O
310,of,O
310,newgate,O
310,generally,LOC
310,in,O
310,the,O
310,following,O
310,chapter,O
310,.,O
311,the,O
311,prison,ORG
311,society,ORG
311,did,O
311,not,O
311,relax,O
311,its,O
311,efforts,O
311,",",O
311,as,O
311,time,O
311,passed,O
311,",",O
311,but,O
311,its,O
311,leading,O
311,members,O
311,had,O
311,other,O
311,and,O
311,more,O
311,pressing,O
311,claims,O
311,upon,O
311,their,O
311,energies,O
311,.,O
312,mr,O
312,.,O
312,buxton,O
312,had,PER
312,succeeded,O
312,to,O
312,the,O
312,great,O
312,work,O
312,which,O
312,william,O
312,wilberforce,PER
312,had,PER
312,commenced,O
312,and,O
312,led,O
312,the,O
312,repeated,O
312,attacks,O
312,upon,O
312,slavery,O
312,in,O
312,british,O
312,colonies,O
312,.,O
313,nevertheless,O
313,",",O
313,a,O
313,committee,O
313,of,O
313,the,O
313,house,ORG
313,of,ORG
313,commons,ORG
313,was,O
313,appointed,O
313,in,O
313,1831,O
313,to,O
313,report,O
313,upon,O
313,the,O
313,whole,O
313,system,O
313,of,O
313,secondary,O
313,punishments,O
313,.,O
314,this,O
314,committee,ORG
314,animadverted,O
314,strongly,O
314,upon,O
314,the,O
314,system,O
314,in,O
314,force,O
314,at,O
314,the,O
314,metropolitan,LOC
314,jails,LOC
314,and,O
314,more,O
314,especially,O
314,upon,O
314,the,O
314,condition,O
314,of,O
314,newgate,O
314,.,O
315,mr,O
315,.,O
315,samuel,O
315,hoare,PER
315,was,PER
315,examined,O
315,by,O
315,this,O
315,committee,O
315,.,O
316,and,O
316,stated,O
316,that,O
316,in,O
316,his,O
316,opinion,O
316,",",O
316,newgate,ORG
316,",",O
316,as,O
316,the,O
316,common,O
316,jail,O
316,of,O
316,middlesex,O
316,",",O
316,was,LOC
316,wholly,O
316,inadequate,O
316,to,O
316,the,O
316,proper,O
316,confinement,O
316,of,O
316,its,O
316,prisoners,O
316,.,O
317,the,O
317,prisoners,O
317,were,O
317,crowded,O
317,together,O
317,in,O
317,the,O
317,jail,O
317,",",O
317,contrary,O
317,to,O
317,the,O
317,requirements,O
317,of,O
317,the,O
317,4,O
317,george,O
317,iv,PER
317,.,O
318,again,O
318,in,O
318,1835,O
318,",",O
318,prisons,O
318,and,O
318,their,O
318,inmates,O
318,became,O
318,once,O
318,more,O
318,the,O
318,care,O
318,of,O
318,the,O
318,senate,ORG
318,and,O
318,the,O
318,subject,O
318,was,O
318,taken,O
318,up,O
318,this,O
318,time,O
318,by,O
318,the,O
318,house,O
318,of,ORG
318,lords,ORG
318,.,O
319,a,O
319,committee,ORG
319,was,O
319,appointed,O
319,under,O
319,the,O
319,presidency,O
319,of,O
319,the,O
319,duke,O
319,of,O
319,richmond,O
319,.,O
320,to,O
320,inquire,O
320,into,O
320,and,O
320,report,O
320,upon,O
320,the,O
320,several,O
320,jails,O
320,and,O
320,houses,O
320,of,O
320,correction,O
320,in,O
320,the,O
320,counties,O
320,",",O
320,cities,O
320,and,O
320,corporate,O
320,towns,O
320,within,O
320,england,O
320,and,O
320,wales,LOC
320,.,O
321,the,O
321,lord,ORG
321,',O
321,s,ORG
321,committee,ORG
321,fully,O
321,recognized,O
321,the,O
321,painful,O
321,fact,O
321,.,O
322,still,O
322,under,O
322,the,O
322,borough,ORG
322,corporations,ORG
322,",",O
322,the,O
322,commons,O
322,committee,ORG
322,gave,ORG
322,it,ORG
322,as,O
322,their,O
322,opinion,O
322,that,O
322,',O
322,t,O
322,.,O
322,h,O
322,.,O
322,e,O
322,.,O
322,y,O
322,.,O
322,.,O
322,w,O
322,.,O
322,e,O
322,.,O
322,r,O
322,.,O
322,e,O
322,.,O
322,in,O
323,in,O
323,some,O
323,large,O
323,towns,O
323,as,O
323,at,O
323,berwick,O
323,on,LOC
323,tweed,O
323,southampton,O
323,and,O
323,southwark,LOC
323,",",O
323,they,O
323,the,O
323,prisons,LOC
323,are,O
323,in,O
323,a,O
323,very,O
323,discreditable,O
323,condition,O
323,.,O
324,the,O
324,lords,ORG
324,committee,ORG
324,on,ORG
324,jails,ORG
324,were,ORG
324,of,O
324,the,O
324,same,O
324,opinion,O
324,and,O
324,considered,O
324,the,O
324,prisons,O
324,under,O
324,corporat,O
324,',O
324,e,O
324,?,O
324,or,O
324,peculiar,O
324,",",O
324,jurisdiction,O
324,in,O
324,a,O
324,very,O
324,unsatisfactory,O
324,condition,O
324,.,O
325,the,O
325,whole,O
325,question,O
325,was,O
325,again,O
325,dealt,O
325,with,O
325,in,O
325,lord,O
325,john,PER
325,russell,PER
325,bill,O
325,for,O
325,the,O
325,reform,O
325,of,O
325,the,O
325,municipal,O
325,corporations,O
325,and,ORG
325,with,ORG
325,a,O
325,more,O
325,liberal,O
325,election,O
325,of,O
325,town,O
325,councilors,O
325,.,O
326,the,O
326,chronicles,ORG
326,of,ORG
326,newgate,ORG
326,volume,O
326,2,O
326,by,O
326,arthur,O
326,griffith,O
326,',O
326,s,PER
326,section,PER
326,9,O
326,",",O
326,the,O
326,first,O
326,report,O
326,of,O
326,the,O
326,inspector,O
326,of,O
326,prisons,O
326,.,O
327,newgate,ORG
327,has,O
327,remained,O
327,rather,O
327,in,O
327,the,O
327,background,O
327,while,O
327,the,O
327,whole,O
327,of,O
327,the,O
327,jails,O
327,as,O
327,a,O
327,body,O
327,were,O
327,under,O
327,discussion,O
327,.,O
328,i,O
328,shall,O
328,now,O
328,return,O
328,to,O
328,the,O
328,great,O
328,jail,O
328,of,O
328,the,O
328,city,O
328,of,O
328,london,LOC
328,and,O
328,give,O
328,a,O
328,more,O
328,detailed,O
328,account,O
328,of,O
328,its,O
328,condition,O
328,and,O
328,inner,O
328,life,O
328,.,O
329,these,O
329,gentlemen,O
329,were,O
329,appointed,O
329,in,O
329,october,O
329,1835,O
329,",",O
329,owing,O
329,to,O
329,the,O
329,strong,O
329,representations,O
329,of,O
329,the,O
329,lords,O
329,committee,ORG
329,.,O
330,mr,O
330,.,O
330,samuel,O
330,hoare,PER
330,",",O
330,when,PER
330,examined,O
330,considered,O
330,it,O
330,indispensably,O
330,necessary,O
330,to,O
330,carry,O
330,out,O
330,whatever,O
330,system,O
330,might,O
330,be,O
330,established,O
330,.,O
331,sir,O
331,frederick,PER
331,roe,PER
331,was,O
331,of,O
331,the,O
331,same,O
331,opinion,O
331,as,O
331,regards,O
331,the,O
331,appointment,O
331,",",O
331,but,O
331,he,O
331,would,O
331,give,O
331,the,O
331,inspectors,O
331,the,O
331,power,O
331,of,O
331,acting,O
331,as,O
331,well,O
331,as,O
331,reporting,O
331,.,O
332,with,O
332,those,O
332,who,O
332,made,O
332,the,O
332,selection,O
332,of,O
332,the,O
332,first,O
332,inspectors,O
332,and,O
332,the,O
332,two,O
332,gentlemen,O
332,appointed,O
332,",",O
332,we,O
332,',O
332,re,O
332,probably,O
332,the,O
332,most,O
332,fitted,O
332,in,O
332,england,LOC
332,to,O
332,be,O
332,so,O
332,employed,O
332,.,O
333,one,O
333,was,O
333,mr,O
333,.,O
333,william,O
333,crawford,PER
333,",",O
333,the,PER
333,other,O
333,the,O
333,rev,O
333,whitworth,O
333,russell,O
333,.,O
334,w,PER
334,.,O
334,ill,PER
334,.,O
334,i,O
334,.,O
334,am,O
334,crawford,O
334,had,O
334,been,O
334,one,O
334,of,O
334,the,O
334,promoters,O
334,and,O
334,managers,ORG
334,of,ORG
334,the,ORG
334,philanthropic,ORG
334,society,ORG
334,farm,ORG
334,school,O
334,.,O
335,later,O
335,on,O
335,",",O
335,he,O
335,had,O
335,devoted,O
335,himself,O
335,to,O
335,the,O
335,personal,O
335,investigation,O
335,of,O
335,the,O
335,prisons,O
335,of,O
335,the,O
335,united,LOC
335,states,LOC
335,.,O
336,at,O
336,that,O
336,time,O
336,",",O
336,the,O
336,mild,O
336,and,O
336,intelligent,O
336,prison,O
336,discipline,O
336,in,O
336,force,O
336,in,O
336,pennsylvania,LOC
336,",",O
336,the,O
336,legacy,O
336,of,O
336,the,O
336,old,O
336,quaker,O
336,immigrants,O
336,.,O
337,had,O
337,made,O
337,such,O
337,prisons,O
337,as,O
337,auburn,LOC
337,",",O
337,a,O
337,model,O
337,for,O
337,imitation,O
337,.,O
338,france,LOC
338,had,O
338,sent,O
338,misseurs,PER
338,beaumont,PER
338,and,O
338,de,PER
338,tocqueville,PER
338,",",O
338,who,O
338,subsequently,O
338,published,O
338,several,O
338,interesting,O
338,works,O
338,on,O
338,the,O
338,subject,O
338,.,O
339,england,LOC
339,was,O
339,represented,O
339,by,O
339,mr,O
339,crawford,O
339,and,PER
339,the,O
339,result,O
339,of,O
339,his,O
339,inquiry,O
339,was,O
339,given,O
339,to,O
339,the,O
339,public,O
339,as,O
339,an,O
339,appendix,O
339,to,O
339,the,O
339,house,O
339,of,O
339,commons,ORG
339,report,ORG
339,on,ORG
339,secondary,O
339,punishments,O
339,.,O
340,mr,O
340,.,O
340,crawford,O
340,was,PER
340,thoroughly,O
340,versed,O
340,in,O
340,the,O
340,still,O
340,",",O
340,imperfectly,O
340,understood,O
340,science,O
340,of,O
340,prison,O
340,management,O
340,and,O
340,fully,O
340,qualified,O
340,for,O
340,his,O
340,new,O
340,duties,O
340,.,O
341,the,O
341,second,O
341,inspector,O
341,",",O
341,the,O
341,rev,O
341,whitworth,O
341,russell,O
341,",",O
341,was,PER
341,the,PER
341,chaplain,O
341,of,O
341,millbank,O
341,penitentiary,O
341,?,O
342,the,O
342,great,O
342,architectural,O
342,experiment,O
342,",",O
342,which,O
342,grew,O
342,out,O
342,of,O
342,the,O
342,strong,O
342,representations,O
342,of,O
342,jeremy,PER
342,bentham,PER
342,and,O
342,others,O
342,and,O
342,was,O
342,the,O
342,first,O
342,national,O
342,recognition,O
342,of,O
342,the,O
342,principle,O
342,.,O
343,messrs,O
343,crawford,O
343,and,PER
343,russell,O
343,proceeded,PER
343,to,O
343,carry,O
343,out,O
343,their,O
343,new,O
343,functions,O
343,',O
343,with,O
343,commendable,O
343,energy,O
343,and,O
343,without,O
343,a,O
343,moment,O
343,",",O
343,loss,O
343,of,O
343,time,O
343,.,O
344,the,O
344,ink,O
344,was,O
344,barely,O
344,dry,O
344,upon,O
344,their,O
344,letters,O
344,of,O
344,appointment,O
344,before,O
344,they,O
344,appeared,O
344,at,O
344,newgate,LOC
344,',O
344,a,O
344,.,O
344,n,O
344,.,O
344,d,O
344,.,O
344,.,O
344,c,O
344,.,O
344,o,O
344,.,O
344,m,O
344,.,O
344,m,O
344,.,O
345,and,O
345,limited,O
345,it,O
345,to,O
345,newgate,ORG
345,alone,O
345,",",O
345,newgate,O
345,indeed,ORG
345,became,O
345,the,O
345,sole,O
345,theme,O
345,of,O
345,their,O
345,first,O
345,report,O
345,.,O
346,there,O
346,was,O
346,no,O
346,longer,O
346,the,O
346,faintest,O
346,possible,O
346,excuse,O
346,for,O
346,overcrowding,O
346,the,O
346,numbers,O
346,now,O
346,committed,O
346,to,O
346,newgate,O
346,had,ORG
346,sensibly,O
346,diminished,O
346,.,O
347,a,O
347,.,O
347,n,O
347,.,O
347,occasional,O
347,prisoner,O
347,or,O
347,two,O
347,committed,O
347,by,O
347,the,ORG
347,houses,ORG
347,of,ORG
347,parliament,O
347,",",O
347,the,O
347,courts,ORG
347,of,ORG
347,king,ORG
347,bench,ORG
347,",",O
347,common,ORG
347,pleas,ORG
347,.,O
348,the,O
348,exchequer,ORG
348,",",O
348,the,O
348,commissioners,O
348,of,ORG
348,bankruptcy,O
348,and,O
348,of,O
348,taxes,O
348,",",O
348,smugglers,O
348,and,O
348,a,O
348,larger,O
348,number,O
348,sentenced,O
348,for,O
348,very,O
348,short,O
348,terms,O
348,.,O
349,and,O
349,for,O
349,offenses,O
349,of,O
349,the,O
349,most,O
349,varying,O
349,description,O
349,by,O
349,the,O
349,central,O
349,criminal,ORG
349,court,ORG
349,.,O
350,but,O
350,incredible,O
350,as,O
350,it,O
350,may,O
350,appear,O
350,the,O
350,authorities,O
350,of,O
350,newgate,O
350,declined,ORG
350,to,O
350,avail,O
350,themselves,O
350,of,O
350,the,O
350,advantages,O
350,offered,O
350,them,O
350,.,O
351,no,O
351,",",O
351,doubt,O
351,the,O
351,governor,O
351,for,O
351,the,O
351,time,O
351,being,O
351,.,O
351,mr,O
351,cope,O
351,was,O
351,in,PER
351,a,O
351,great,O
351,measure,O
351,to,O
351,blame,O
351,for,O
351,all,O
351,this,O
351,and,O
351,for,O
351,the,O
351,want,O
351,of,O
351,proper,O
351,classification,O
351,.,O
352,i,O
352,shall,O
352,have,O
352,occasion,O
352,to,O
352,speak,O
352,again,O
352,and,O
352,more,O
352,at,O
352,length,O
352,of,O
352,mr,O
352,cope,O
352,",",O
352,careless,O
352,and,O
352,perfunctory,PER
352,discharge,O
352,.,O
353,he,O
353,blamed,O
353,the,O
353,construction,O
353,of,O
353,newgate,LOC
353,for,O
353,the,O
353,neglect,O
353,of,O
353,classification,O
353,and,O
353,was,O
353,yet,O
353,compelled,O
353,to,O
353,confess,O
353,that,O
353,he,O
353,had,O
353,made,O
353,no,O
353,attempt,O
353,",",O
353,whatever,O
353,to,O
353,carry,O
353,it,O
353,out,O
353,.,O
354,within,O
354,this,O
354,the,O
354,greatest,O
354,nursery,O
354,of,O
354,crime,O
354,in,O
354,london,LOC
354,should,O
354,exercise,O
354,even,O
354,the,O
354,commonest,O
354,care,O
354,for,O
354,the,O
354,person,O
354,',O
354,al,O
354,decency,O
354,or,O
354,comfort,O
354,of,O
354,the,O
354,prisoners,O
354,',O
355,and,O
355,might,O
355,always,O
355,smoke,O
355,his,O
355,pipe,O
355,undisturbed,O
355,for,O
355,although,O
355,the,O
355,use,O
355,of,O
355,tobacco,O
355,had,O
355,been,O
355,prohibited,O
355,since,O
355,the,O
355,report,O
355,of,O
355,the,O
355,lords,ORG
355,committee,ORG
355,.,O
356,nothing,O
356,was,O
356,more,O
356,prominently,O
356,brought,O
356,out,O
356,by,O
356,the,O
356,inspectors,O
356,than,O
356,the,O
356,inefficiency,O
356,of,O
356,the,O
356,governor,O
356,.,O
356,at,O
356,that,O
356,time,O
356,",",O
356,mr,O
356,.,O
356,cope,O
356,.,O
357,but,O
357,it,O
357,is,O
357,only,O
357,fair,O
357,to,O
357,mr,O
357,.,O
357,cope,O
357,to,PER
357,state,O
357,that,O
357,he,O
357,himself,O
357,said,O
357,he,O
357,went,O
357,whenever,O
357,he,O
357,could,O
357,find,O
357,time,O
357,.,O
358,and,O
358,it,O
358,was,O
358,not,O
358,the,O
358,least,O
358,part,O
358,of,O
358,the,O
358,blame,O
358,imputed,O
358,to,O
358,him,O
358,that,O
358,he,O
358,made,O
358,special,O
358,favorites,O
358,of,O
358,particular,O
358,prisoners,O
358,retaining,O
358,of,O
358,his,O
358,own,O
358,accord,O
358,in,O
358,newgate,O
358,.,O
359,edward,PER
359,gibbon,PER
359,wakefield,PER
359,",",O
359,who,O
359,spent,O
359,three,O
359,years,O
359,in,O
359,newgate,O
359,a,LOC
359,little,O
359,before,O
359,the,O
359,time,O
359,of,O
359,the,O
359,inspector,O
359,',O
359,s,O
359,first,O
359,report,O
359,.,O
360,said,O
360,with,O
360,justice,O
360,that,O
360,incredible,O
360,scenes,O
360,of,O
360,horror,O
360,occur,O
360,in,O
360,newgate,O
360,.,O
361,it,O
361,was,O
361,moreover,O
361,in,O
361,his,O
361,opinion,O
361,",",O
361,undoubtedly,O
361,the,O
361,greatest,O
361,nursery,O
361,of,O
361,crime,O
361,in,O
361,london,O
361,.,O
362,the,O
362,most,O
362,popular,O
362,being,O
362,the,O
362,times,O
362,morning,ORG
362,herald,O
362,and,O
362,morning,O
362,chronicle,ORG
362,on,ORG
362,sunday,O
362,the,O
362,weekly,O
362,dispatch,O
362,bell,ORG
362,life,ORG
362,and,O
362,the,O
362,weekly,O
362,messenger,O
362,.,O
363,novels,O
363,flash,O
363,songs,O
363,play,O
363,books,O
363,such,O
363,as,O
363,jane,O
363,shore,O
363,grimm,O
363,",",O
363,german,O
363,tales,O
363,with,PER
363,cruikshank,PER
363,illustrations,O
363,.,O
364,one,O
364,of,O
364,these,O
364,published,O
364,by,O
364,stockdale,O
364,",",O
364,the,ORG
364,inspectors,O
364,styled,O
364,a,O
364,book,O
364,of,O
364,the,O
364,most,O
364,disgusting,O
364,nature,O
364,.,O
365,the,O
365,donation,O
365,of,O
365,a,O
365,philanthropic,O
365,gentleman,O
365,",",O
365,captain,O
365,brown,PER
365,",",O
365,but,PER
365,these,O
365,particularly,O
365,the,O
365,bible,O
365,',O
365,s,O
365,bore,O
365,little,O
365,appearance,O
365,of,O
365,having,O
365,been,O
365,used,O
365,.,O
366,a,O
366,lad,O
366,named,O
366,matthew,PER
366,white,PER
366,has,O
366,had,O
366,a,O
366,wound,O
366,in,O
366,his,O
366,eye,O
366,by,O
366,a,O
366,bone,O
366,thrown,O
366,at,O
366,him,O
366,",",O
366,which,O
366,very,O
366,nearly,O
366,destroyed,O
366,vision,O
366,.,O
367,watkin,PER
367,',O
367,s,O
367,knee,O
367,joint,O
367,is,O
367,very,O
367,severely,O
367,injured,O
367,.,O
368,a,O
368,.,O
368,prisoner,O
368,baxter,PER
368,is,O
368,in,O
368,the,O
368,infirmary,O
368,in,O
368,consequence,O
368,of,O
368,a,O
368,severe,O
368,injury,O
368,to,O
368,his,O
368,wrist,O
368,joint,O
368,.,O
369,watkin,PER
369,',O
369,s,O
369,case,O
369,referred,O
369,to,O
369,above,O
369,is,O
369,made,O
369,the,O
369,subject,O
369,of,O
369,another,O
369,and,O
369,a,O
369,special,O
369,report,O
369,from,O
369,the,O
369,surgeon,O
369,.,O
370,he,O
370,was,O
370,in,O
370,the,O
370,transport,O
370,side,O
370,when,O
370,one,O
370,of,O
370,his,O
370,fellows,O
370,in,O
370,endeavoring,O
370,to,O
370,strike,O
370,another,O
370,pris,O
370,",",O
370,on,O
370,',O
370,er,O
370,with,O
370,a,O
370,large,O
370,poker,O
370,missed,O
370,his,O
370,aim,O
370,and,O
370,struck,O
370,watkin,O
370,',O
370,s,O
370,knee,PER
370,.,O
371,on,O
371,this,O
371,female,O
371,side,O
371,",",O
371,where,O
371,the,O
371,ladie,O
371,',O
371,s,ORG
371,association,ORG
371,still,ORG
371,reigned,O
371,supreme,O
371,more,O
371,system,O
371,and,O
371,a,O
371,greater,O
371,semblance,O
371,of,O
371,decorum,O
371,was,O
371,maintained,O
371,.,O
372,the,O
372,separation,O
372,of,O
372,the,O
372,sexes,O
372,was,O
372,not,O
372,indeed,O
372,rigidly,O
372,carried,O
372,out,O
372,in,O
372,newgate,LOC
372,as,O
372,yet,O
372,.,O
373,and,O
373,the,O
373,men,O
373,could,O
373,also,O
373,at,O
373,any,O
373,time,O
373,go,O
373,for,O
373,tea,O
373,coffee,O
373,and,O
373,sugar,O
373,to,O
373,mrs,O
373,brown,O
373,shop,O
373,",",O
373,which,O
373,was,PER
373,inside,O
373,the,O
373,female,O
373,gate,O
373,.,O
374,some,O
374,member,O
374,of,O
374,the,O
374,ladies,ORG
374,association,ORG
374,observed,ORG
374,and,O
374,commented,O
374,upon,O
374,the,O
374,fact,O
374,that,O
374,a,O
374,young,O
374,rosy,O
374,cheeked,O
374,girl,O
374,had,O
374,been,O
374,kept,O
374,by,O
374,the,O
374,governor,O
374,from,O
374,transportation,O
374,.,O
375,committed,O
375,by,O
375,the,O
375,house,ORG
375,of,ORG
375,commons,ORG
375,who,O
375,had,O
375,been,O
375,lodged,O
375,in,O
375,the,O
375,governor,O
375,own,O
375,house,O
375,.,O
